{"kind": "Listing", "data": {"modhash": "", "children": [{"kind": "t3", "data": {"domain": "imgur.com", "banned_by": null, "media_embed": {}, "subreddit": "aww", "selftext_html": null, "selftext": "", "likes": null, "suggested_sort": null, "user_reports": [], "secure_media": null, "link_flair_text": null, "id": "49j86c", "from_kind": null, "gilded": 0, "archived": false, "clicked": false, "report_reasons": null, "author": "brendanlol", "media": null, "score": 3224, "approved_by": null, "over_18": false, "hidden": false, "preview": {"images": [{"source": {"url": "https://i.redditmedia.com/RPpRokE6JHMG31K9_7HcQfGXAo_V97FWBsg-Q47nhlY.jpg?s=3f6f5536f41ff29517875c42159a0d3f", "width": 1532, "height": 2560}, "resolutions": [{"url": "https://i.redditmedia.com/RPpRokE6JHMG31K9_7HcQfGXAo_V97FWBsg-Q47nhlY.jpg?fit=crop&amp;crop=faces%2Centropy&amp;arh=2&amp;w=108&amp;s=d39472c5802a99fe619d6952009b3d38", "width": 108, "height": 180}, {"url": "https://i.redditmedia.com/RPpRokE6JHMG31K9_7HcQfGXAo_V97FWBsg-Q47nhlY.jpg?fit=crop&amp;crop=faces%2Centropy&amp;arh=2&amp;w=216&amp;s=73dbbea61905c4cc9ff37fc04f2690a9", "width": 216, "height": 360}, {"url": "https://i.redditmedia.com/RPpRokE6JHMG31K9_7HcQfGXAo_V97FWBsg-Q47nhlY.jpg?fit=crop&amp;crop=faces%2Centropy&amp;arh=2&amp;w=320&amp;s=cd4d7474dbd5aa3fe8ac7b9c253e20b1", "width": 320, "height": 534}, {"url": "https://i.redditmedia.com/RPpRokE6JHMG31K9_7HcQfGXAo_V97FWBsg-Q47nhlY.jpg?fit=crop&amp;crop=faces%2Centropy&amp;arh=2&amp;w=640&amp;s=14e6d5d1caabc044a413c189c86f88cd", "width": 640, "height": 1069}, {"url": "https://i.redditmedia.com/RPpRokE6JHMG31K9_7HcQfGXAo_V97FWBsg-Q47nhlY.jpg?fit=crop&amp;crop=faces%2Centropy&amp;arh=2&amp;w=960&amp;s=e870ba0802dc4b304843ed62cd4b9903", "width": 960, "height": 1604}, {"url": "https://i.redditmedia.com/RPpRokE6JHMG31K9_7HcQfGXAo_V97FWBsg-Q47nhlY.jpg?fit=crop&amp;crop=faces%2Centropy&amp;arh=2&amp;w=1080&amp;s=1f110d777e2d98cd8b3c7f48dce2ac0d", "width": 1080, "height": 1804}], "variants": {}, "id": "PCXMG0hnlo2zR1FsCxF7Xq7caVSJBvKG4DAHznNukzA"}]}, "num_comments": 201, "thumbnail": "http://a.thumbs.redditmedia.com/bY9xVdZ749YG-uMr5thPGfcINXelOiK4lRsb7I8ec40.jpg", "subreddit_id": "t5_2qh1o", "hide_score": false, "edited": false, "link_flair_css_class": null, "author_flair_css_class": null, "downs": 0, "secure_media_embed": {}, "saved": false, "removal_reason": null, "post_hint": "link", "stickied": false, "from": null, "is_self": false, "from_id": null, "permalink": "/r/aww/comments/49j86c/every_morning_when_my_roommate_leaves_for_work/", "locked": false, "name": "t3_49j86c", "created": 1457483215.0, "url": "http://imgur.com/nA4vFob", "author_flair_text": null, "quarantine": false, "title": "Every morning when my roommate leaves for work, his dog jumps in my bed and little-spoons me.", "created_utc": 1457454415.0, "distinguished": null, "mod_reports": [], "visited": false, "num_reports": null, "ups": 3224}}, {"kind": "t3", "data": {"domain": "i.imgur.com", "banned_by": null, "media_embed": {"content": "&lt;iframe class=\"embedly-embed\" src=\"//cdn.embedly.com/widgets/media.html?src=https%3A%2F%2Fi.imgur.com%2F6mlyJFc.mp4&amp;src_secure=1&amp;url=http%3A%2F%2Fi.imgur.com%2F6mlyJFc.gifv&amp;image=https%3A%2F%2Fi.imgur.com%2F6mlyJFc.gif%3Fnoredirect&amp;key=2aa3c4d5f3de4f5b9120b660ad850dc9&amp;type=video%2Fmp4&amp;schema=imgur\" width=\"434\" height=\"329\" scrolling=\"no\" frameborder=\"0\" allowfullscreen&gt;&lt;/iframe&gt;", "width": 434, "scrolling": false, "height": 329}, "subreddit": "aww", "selftext_html": null, "selftext": "", "likes": null, "suggested_sort": null, "user_reports": [], "secure_media": {"type": "i.imgur.com", "oembed": {"provider_url": "http://i.imgur.com", "version": "1.0", "title": "greetings baby Cthulhu", "thumbnail_width": 434, "height": 329, "width": 434, "html": "&lt;iframe class=\"embedly-embed\" src=\"https://cdn.embedly.com/widgets/media.html?src=https%3A%2F%2Fi.imgur.com%2F6mlyJFc.mp4&amp;src_secure=1&amp;url=http%3A%2F%2Fi.imgur.com%2F6mlyJFc.gifv&amp;image=https%3A%2F%2Fi.imgur.com%2F6mlyJFc.gif%3Fnoredirect&amp;key=2aa3c4d5f3de4f5b9120b660ad850dc9&amp;type=video%2Fmp4&amp;schema=imgur\" width=\"434\" height=\"329\" scrolling=\"no\" frameborder=\"0\" allowfullscreen&gt;&lt;/iframe&gt;", "provider_name": "Imgur", "thumbnail_url": "https://i.embed.ly/1/image?url=https%3A%2F%2Fi.imgur.com%2F6mlyJFc.gif%3Fnoredirect&amp;key=b1e305db91cf4aa5a86b732cc9fffceb", "type": "video", "thumbnail_height": 329}}, "link_flair_text": null, "id": "49ie4g", "from_kind": null, "gilded": 0, "archived": false, "clicked": false, "report_reasons": null, "author": "GallowBoob", "media": {"type": "i.imgur.com", "oembed": {"provider_url": "http://i.imgur.com", "version": "1.0", "title": "greetings baby Cthulhu", "thumbnail_width": 434, "height": 329, "width": 434, "html": "&lt;iframe class=\"embedly-embed\" src=\"//cdn.embedly.com/widgets/media.html?src=https%3A%2F%2Fi.imgur.com%2F6mlyJFc.mp4&amp;src_secure=1&amp;url=http%3A%2F%2Fi.imgur.com%2F6mlyJFc.gifv&amp;image=https%3A%2F%2Fi.imgur.com%2F6mlyJFc.gif%3Fnoredirect&amp;key=2aa3c4d5f3de4f5b9120b660ad850dc9&amp;type=video%2Fmp4&amp;schema=imgur\" width=\"434\" height=\"329\" scrolling=\"no\" frameborder=\"0\" allowfullscreen&gt;&lt;/iframe&gt;", "provider_name": "Imgur", "thumbnail_url": "https://i.imgur.com/6mlyJFc.gif?noredirect", "type": "video", "thumbnail_height": 329}}, "score": 5424, "approved_by": null, "over_18": false, "hidden": false, "preview": {"images": [{"source": {"url": "https://i.redditmedia.com/PE6ffD_Gv0FA0EzJ_Nsg_vEt-gaQiH214gVqdn3vIA8.jpg?s=b0283e22f3ec75e35d5ccdac90bfcdc2", "width": 434, "height": 329}, "resolutions": [{"url": "https://i.redditmedia.com/PE6ffD_Gv0FA0EzJ_Nsg_vEt-gaQiH214gVqdn3vIA8.jpg?fit=crop&amp;crop=faces%2Centropy&amp;arh=2&amp;w=108&amp;s=8d126bef0e795459e94b7c1cabea923c", "width": 108, "height": 81}, {"url": "https://i.redditmedia.com/PE6ffD_Gv0FA0EzJ_Nsg_vEt-gaQiH214gVqdn3vIA8.jpg?fit=crop&amp;crop=faces%2Centropy&amp;arh=2&amp;w=216&amp;s=a6bafe7018cfb0b56239091ddd9695db", "width": 216, "height": 163}, {"url": "https://i.redditmedia.com/PE6ffD_Gv0FA0EzJ_Nsg_vEt-gaQiH214gVqdn3vIA8.jpg?fit=crop&amp;crop=faces%2Centropy&amp;arh=2&amp;w=320&amp;s=2860712a636b5190bb775e3bc6c907eb", "width": 320, "height": 242}], "variants": {}, "id": "bULOcf9-IpJE4h1gT2_q4jrCfLPmaK5YVky-Xlg4Skg"}]}, "num_comments": 920, "thumbnail": "http://b.thumbs.redditmedia.com/o67SFnakRfJw9CXaajzGBYrLOXvxPV1qilAfx1OsNQU.jpg", "subreddit_id": "t5_2qh1o", "hide_score": false, "edited": false, "link_flair_css_class": null, "author_flair_css_class": null, "downs": 0, "secure_media_embed": {"content": "&lt;iframe class=\"embedly-embed\" src=\"https://cdn.embedly.com/widgets/media.html?src=https%3A%2F%2Fi.imgur.com%2F6mlyJFc.mp4&amp;src_secure=1&amp;url=http%3A%2F%2Fi.imgur.com%2F6mlyJFc.gifv&amp;image=https%3A%2F%2Fi.imgur.com%2F6mlyJFc.gif%3Fnoredirect&amp;key=2aa3c4d5f3de4f5b9120b660ad850dc9&amp;type=video%2Fmp4&amp;schema=imgur\" width=\"434\" height=\"329\" scrolling=\"no\" frameborder=\"0\" allowfullscreen&gt;&lt;/iframe&gt;", "width": 434, "scrolling": false, "height": 329}, "saved": false, "removal_reason": null, "post_hint": "rich:video", "stickied": false, "from": null, "is_self": false, "from_id": null, "permalink": "/r/aww/comments/49ie4g/greetings_baby_cthulhu/", "locked": false, "name": "t3_49ie4g", "created": 1457471074.0, "url": "http://i.imgur.com/6mlyJFc.gifv", "author_flair_text": null, "quarantine": false, "title": "Greetings baby Cthulhu", "created_utc": 1457442274.0, "distinguished": null, "mod_reports": [], "visited": false, "num_reports": null, "ups": 5424}}, {"kind": "t3", "data": {"domain": "i.imgur.com", "banned_by": null, "media_embed": {}, "subreddit": "aww", "selftext_html": null, "selftext": "", "likes": null, "suggested_sort": null, "user_reports": [], "secure_media": null, "link_flair_text": null, "id": "49iqer", "from_kind": null, "gilded": 0, "archived": false, "clicked": false, "report_reasons": null, "author": "Sammie_SU", "media": null, "score": 3580, "approved_by": null, "over_18": false, "hidden": false, "preview": {"images": [{"source": {"url": "https://i.redditmedia.com/becZyozXKQDm-CDfzYhPjn1lIN1If0v8qfURdbuW_Ps.jpg?s=b7498b5c015dc9224c193ef907e554c2", "width": 700, "height": 700}, "resolutions": [{"url": "https://i.redditmedia.com/becZyozXKQDm-CDfzYhPjn1lIN1If0v8qfURdbuW_Ps.jpg?fit=crop&amp;crop=faces%2Centropy&amp;arh=2&amp;w=108&amp;s=1c423140b42fb9c11366fc03fca6edf3", "width": 108, "height": 108}, {"url": "https://i.redditmedia.com/becZyozXKQDm-CDfzYhPjn1lIN1If0v8qfURdbuW_Ps.jpg?fit=crop&amp;crop=faces%2Centropy&amp;arh=2&amp;w=216&amp;s=99f9dd2f6db48b2bf345f9aaa7f95b98", "width": 216, "height": 216}, {"url": "https://i.redditmedia.com/becZyozXKQDm-CDfzYhPjn1lIN1If0v8qfURdbuW_Ps.jpg?fit=crop&amp;crop=faces%2Centropy&amp;arh=2&amp;w=320&amp;s=972b8387ba98b07566bd4b77a4198dbc", "width": 320, "height": 320}, {"url": "https://i.redditmedia.com/becZyozXKQDm-CDfzYhPjn1lIN1If0v8qfURdbuW_Ps.jpg?fit=crop&amp;crop=faces%2Centropy&amp;arh=2&amp;w=640&amp;s=9d9b6f8bb996f097b5dc173f1b1e297d", "width": 640, "height": 640}], "variants": {}, "id": "YxM-C9QMfjETLVZGKPo4ifj92rmN-S7Y6Ru0y8PSR2s"}]}, "num_comments": 30, "thumbnail": "http://b.thumbs.redditmedia.com/xiM56DvFFx_RWHqyxkv0hTkUf9PA37fRLvrMe53I9Hc.jpg", "subreddit_id": "t5_2qh1o", "hide_score": false, "edited": false, "link_flair_css_class": null, "author_flair_css_class": null, "downs": 0, "secure_media_embed": {}, "saved": false, "removal_reason": null, "post_hint": "image", "stickied": false, "from": null, "is_self": false, "from_id": null, "permalink": "/r/aww/comments/49iqer/dont_move_and_they_cant_see_you/", "locked": false, "name": "t3_49iqer", "created": 1457476450.0, "url": "images/img1.jpg", "author_flair_text": null, "quarantine": false, "title": "Don't move and they can't see you", "created_utc": 1457447650.0, "distinguished": null, "mod_reports": [], "visited": false, "num_reports": null, "ups": 3580}}, {"kind": "t3", "data": {"domain": "i.imgur.com", "banned_by": null, "media_embed": {}, "subreddit": "aww", "selftext_html": null, "selftext": "", "likes": null, "suggested_sort": null, "user_reports": [], "secure_media": null, "link_flair_text": null, "id": "49kfdv", "from_kind": null, "gilded": 0, "archived": false, "clicked": false, "report_reasons": null, "author": "dubois07", "media": null, "score": 792, "approved_by": null, "over_18": false, "hidden": false, "preview": {"images": [{"source": {"url": "https://i.redditmedia.com/YFbm_0i6XE0WUM1g0sGIKOy7EM1MiTiWdTgLGqulOVs.jpg?s=67f3245358de3321069fa871c1da29cb", "width": 400, "height": 224}, "resolutions": [{"url": "https://i.redditmedia.com/YFbm_0i6XE0WUM1g0sGIKOy7EM1MiTiWdTgLGqulOVs.jpg?fit=crop&amp;crop=faces%2Centropy&amp;arh=2&amp;w=108&amp;s=d4d197ae87f60c925845990b31464911", "width": 108, "height": 60}, {"url": "https://i.redditmedia.com/YFbm_0i6XE0WUM1g0sGIKOy7EM1MiTiWdTgLGqulOVs.jpg?fit=crop&amp;crop=faces%2Centropy&amp;arh=2&amp;w=216&amp;s=07e05f1ec363873b816a4e7fc7719b3e", "width": 216, "height": 120}, {"url": "https://i.redditmedia.com/YFbm_0i6XE0WUM1g0sGIKOy7EM1MiTiWdTgLGqulOVs.jpg?fit=crop&amp;crop=faces%2Centropy&amp;arh=2&amp;w=320&amp;s=85bb79d3e0c2c5fe3ca5618ee194d62f", "width": 320, "height": 179}], "variants": {}, "id": "tqulzKnL1V4wGK6y6ygPEBll8Y1xQkkDjugI1KJW-YU"}]}, "num_comments": 18, "thumbnail": "http://b.thumbs.redditmedia.com/TIzTfB3Vjv_8-dS5HRxgN5H6ju-3rnxzhKH5ryXOGJU.jpg", "subreddit_id": "t5_2qh1o", "hide_score": false, "edited": false, "link_flair_css_class": null, "author_flair_css_class": null, "downs": 0, "secure_media_embed": {}, "saved": false, "removal_reason": null, "post_hint": "image", "stickied": false, "from": null, "is_self": false, "from_id": null, "permalink": "/r/aww/comments/49kfdv/soft_landing/", "locked": false, "name": "t3_49kfdv", "created": 1457498085.0, "url": "http://i.imgur.com/7Rkorvw.gif", "author_flair_text": null, "quarantine": false, "title": "Soft landing.", "created_utc": 1457469285.0, "distinguished": null, "mod_reports": [], "visited": false, "num_reports": null, "ups": 792}}, {"kind": "t3", "data": {"domain": "imgur.com", "banned_by": null, "media_embed": {}, "subreddit": "aww", "selftext_html": null, "selftext": "", "likes": null, "suggested_sort": null, "user_reports": [], "secure_media": null, "link_flair_text": null, "id": "49ikjm", "from_kind": null, "gilded": 0, "archived": false, "clicked": false, "report_reasons": null, "author": "booo_youwhore", "media": null, "score": 1760, "approved_by": null, "over_18": false, "hidden": false, "preview": {"images": [{"source": {"url": "https://i.redditmedia.com/PPgr4RXF8o1rlPS386m7n7rJ9-b0qTC_-DBpwgvyg9c.jpg?s=34325ea44744e575486a4942ed782e67", "width": 1830, "height": 2538}, "resolutions": [{"url": "https://i.redditmedia.com/PPgr4RXF8o1rlPS386m7n7rJ9-b0qTC_-DBpwgvyg9c.jpg?fit=crop&amp;crop=faces%2Centropy&amp;arh=2&amp;w=108&amp;s=3588a9aaa0e6a720b5051f790ae7a161", "width": 108, "height": 149}, {"url": "https://i.redditmedia.com/PPgr4RXF8o1rlPS386m7n7rJ9-b0qTC_-DBpwgvyg9c.jpg?fit=crop&amp;crop=faces%2Centropy&amp;arh=2&amp;w=216&amp;s=f23df716c6d71f5419794d1dff5aba37", "width": 216, "height": 299}, {"url": "https://i.redditmedia.com/PPgr4RXF8o1rlPS386m7n7rJ9-b0qTC_-DBpwgvyg9c.jpg?fit=crop&amp;crop=faces%2Centropy&amp;arh=2&amp;w=320&amp;s=14bcfba0059415f5b7acf81bb8f10362", "width": 320, "height": 443}, {"url": "https://i.redditmedia.com/PPgr4RXF8o1rlPS386m7n7rJ9-b0qTC_-DBpwgvyg9c.jpg?fit=crop&amp;crop=faces%2Centropy&amp;arh=2&amp;w=640&amp;s=2681880f37b981e72c61d58f51f6f4e7", "width": 640, "height": 887}, {"url": "https://i.redditmedia.com/PPgr4RXF8o1rlPS386m7n7rJ9-b0qTC_-DBpwgvyg9c.jpg?fit=crop&amp;crop=faces%2Centropy&amp;arh=2&amp;w=960&amp;s=26fbd9151b6a6b98f04c37d473a5b469", "width": 960, "height": 1331}, {"url": "https://i.redditmedia.com/PPgr4RXF8o1rlPS386m7n7rJ9-b0qTC_-DBpwgvyg9c.jpg?fit=crop&amp;crop=faces%2Centropy&amp;arh=2&amp;w=1080&amp;s=0376879ab76edf25c7e1b1af4f7c1b80", "width": 1080, "height": 1497}], "variants": {}, "id": "JGmFRSp0Oo7J8Nzf0eXmKxrkT9ThdEBUMEhmVAPuns0"}]}, "num_comments": 13, "thumbnail": "http://b.thumbs.redditmedia.com/rKADYaceingpunGlQKboEinJWz64SyvQienvlYtv-xw.jpg", "subreddit_id": "t5_2qh1o", "hide_score": false, "edited": false, "link_flair_css_class": null, "author_flair_css_class": null, "downs": 0, "secure_media_embed": {}, "saved": false, "removal_reason": null, "post_hint": "link", "stickied": false, "from": null, "is_self": false, "from_id": null, "permalink": "/r/aww/comments/49ikjm/a_couple_of_months_ago_i_posted_a_picture_of_my/", "locked": false, "name": "t3_49ikjm", "created": 1457473969.0, "url": "http://imgur.com/fGTEcLu", "author_flair_text": null, "quarantine": false, "title": "A couple of months ago, I posted a picture of my neighbor's puppy that likes to stick his head through the fence and say hello. Well, today he is wearing a cone, but that didn't stop him from getting his pets.", "created_utc": 1457445169.0, "distinguished": null, "mod_reports": [], "visited": false, "num_reports": null, "ups": 1760}}, {"kind": "t3", "data": {"domain": "i.imgur.com", "banned_by": null, "media_embed": {}, "subreddit": "aww", "selftext_html": null, "selftext": "", "likes": null, "suggested_sort": null, "user_reports": [], "secure_media": null, "link_flair_text": null, "id": "49k5td", "from_kind": null, "gilded": 0, "archived": false, "clicked": false, "report_reasons": null, "author": "dew-do", "media": null, "score": 505, "approved_by": null, "over_18": false, "hidden": false, "preview": {"images": [{"source": {"url": "https://i.redditmedia.com/Oi0BkDdLZVzKEKAg3oACPkpJ3NlTx8HPOarRygZYp9w.jpg?s=6159685f7139f411f6e0c4eb55851b06", "width": 428, "height": 460}, "resolutions": [{"url": "https://i.redditmedia.com/Oi0BkDdLZVzKEKAg3oACPkpJ3NlTx8HPOarRygZYp9w.jpg?fit=crop&amp;crop=faces%2Centropy&amp;arh=2&amp;w=108&amp;s=6f25471ba06f5beb5d3bc40217105846", "width": 108, "height": 116}, {"url": "https://i.redditmedia.com/Oi0BkDdLZVzKEKAg3oACPkpJ3NlTx8HPOarRygZYp9w.jpg?fit=crop&amp;crop=faces%2Centropy&amp;arh=2&amp;w=216&amp;s=8fc0b73020cc13704af891065ac584e4", "width": 216, "height": 232}, {"url": "https://i.redditmedia.com/Oi0BkDdLZVzKEKAg3oACPkpJ3NlTx8HPOarRygZYp9w.jpg?fit=crop&amp;crop=faces%2Centropy&amp;arh=2&amp;w=320&amp;s=f79e194e9b80394a593a6945a32d8c84", "width": 320, "height": 343}], "variants": {}, "id": "bmZJ-LoiEzux-dz61wJoD_kdDy6IlXrl2b-93LK1giM"}]}, "num_comments": 8, "thumbnail": "http://b.thumbs.redditmedia.com/e_HhFpB4O66TnNUMJLeY19ZqrraifFwHNq7-jqWzC2M.jpg", "subreddit_id": "t5_2qh1o", "hide_score": false, "edited": false, "link_flair_css_class": null, "author_flair_css_class": null, "downs": 0, "secure_media_embed": {}, "saved": false, "removal_reason": null, "post_hint": "image", "stickied": false, "from": null, "is_self": false, "from_id": null, "permalink": "/r/aww/comments/49k5td/my_14_week_old_german_shepherd_puppy_first_trip/", "locked": false, "name": "t3_49k5td", "created": 1457494803.0, "url": "images/img2.jpg", "author_flair_text": null, "quarantine": false, "title": "My 14 week old German Shepherd puppy-- first trip to the park", "created_utc": 1457466003.0, "distinguished": null, "mod_reports": [], "visited": false, "num_reports": null, "ups": 505}}, {"kind": "t3", "data": {"domain": "i.imgur.com", "banned_by": null, "media_embed": {}, "subreddit": "aww", "selftext_html": null, "selftext": "", "likes": null, "suggested_sort": null, "user_reports": [], "secure_media": null, "link_flair_text": null, "id": "49l1g1", "from_kind": null, "gilded": 0, "archived": false, "clicked": false, "report_reasons": null, "author": "Shady_Slim", "media": null, "score": 277, "approved_by": null, "over_18": false, "hidden": false, "preview": {"images": [{"source": {"url": "https://i.redditmedia.com/6VIZsO0FZbYdOqwHZPouGIFmqJuLt9YSsfT9Djz6lNE.jpg?s=82825d49b841c9d87d594008434adf00", "width": 605, "height": 605}, "resolutions": [{"url": "https://i.redditmedia.com/6VIZsO0FZbYdOqwHZPouGIFmqJuLt9YSsfT9Djz6lNE.jpg?fit=crop&amp;crop=faces%2Centropy&amp;arh=2&amp;w=108&amp;s=637b3d59a139493bbe6751c753c3eba9", "width": 108, "height": 108}, {"url": "https://i.redditmedia.com/6VIZsO0FZbYdOqwHZPouGIFmqJuLt9YSsfT9Djz6lNE.jpg?fit=crop&amp;crop=faces%2Centropy&amp;arh=2&amp;w=216&amp;s=9961a5681b1dc40af7ef3150c603c5b1", "width": 216, "height": 216}, {"url": "https://i.redditmedia.com/6VIZsO0FZbYdOqwHZPouGIFmqJuLt9YSsfT9Djz6lNE.jpg?fit=crop&amp;crop=faces%2Centropy&amp;arh=2&amp;w=320&amp;s=6c67b1a69d155f6ce11b1c3b28a5f8eb", "width": 320, "height": 320}], "variants": {}, "id": "t6TSKZucEH7nVbKv7FJPijMHf1t4qgbXawVolbVzBWY"}]}, "num_comments": 25, "thumbnail": "http://b.thumbs.redditmedia.com/wCl_lm9elMWft6_1RDOwU8_tF2e2TRtn7WBIXVpSTHU.jpg", "subreddit_id": "t5_2qh1o", "hide_score": false, "edited": false, "link_flair_css_class": null, "author_flair_css_class": null, "downs": 0, "secure_media_embed": {}, "saved": false, "removal_reason": null, "post_hint": "image", "stickied": false, "from": null, "is_self": false, "from_id": null, "permalink": "/r/aww/comments/49l1g1/this_is_albert/", "locked": false, "name": "t3_49l1g1", "created": 1457506044.0, "url": "images/img3.jpg", "author_flair_text": null, "quarantine": false, "title": "This is Albert.", "created_utc": 1457477244.0, "distinguished": null, "mod_reports": [], "visited": false, "num_reports": null, "ups": 277}}, {"kind": "t3", "data": {"domain": "imgur.com", "banned_by": null, "media_embed": {}, "subreddit": "aww", "selftext_html": null, "selftext": "", "likes": null, "suggested_sort": null, "user_reports": [], "secure_media": null, "link_flair_text": null, "id": "49ik42", "from_kind": null, "gilded": 0, "archived": false, "clicked": false, "report_reasons": null, "author": "treebie", "media": null, "score": 1410, "approved_by": null, "over_18": false, "hidden": false, "preview": {"images": [{"source": {"url": "https://i.redditmedia.com/wJ0ImsH9K9JGCbgXC3Dr8q_dgZkFAYTAENNjKULts6w.jpg?s=98069060777dca41f170aa24d3a2f50b", "width": 2448, "height": 3264}, "resolutions": [{"url": "https://i.redditmedia.com/wJ0ImsH9K9JGCbgXC3Dr8q_dgZkFAYTAENNjKULts6w.jpg?fit=crop&amp;crop=faces%2Centropy&amp;arh=2&amp;w=108&amp;s=ff461dd4356704c88f60496816923f0d", "width": 108, "height": 144}, {"url": "https://i.redditmedia.com/wJ0ImsH9K9JGCbgXC3Dr8q_dgZkFAYTAENNjKULts6w.jpg?fit=crop&amp;crop=faces%2Centropy&amp;arh=2&amp;w=216&amp;s=54bbf1ef9224168eb06d433219023f0c", "width": 216, "height": 288}, {"url": "https://i.redditmedia.com/wJ0ImsH9K9JGCbgXC3Dr8q_dgZkFAYTAENNjKULts6w.jpg?fit=crop&amp;crop=faces%2Centropy&amp;arh=2&amp;w=320&amp;s=0bd06b3e06efc095dd6e969e9ec1be47", "width": 320, "height": 426}, {"url": "https://i.redditmedia.com/wJ0ImsH9K9JGCbgXC3Dr8q_dgZkFAYTAENNjKULts6w.jpg?fit=crop&amp;crop=faces%2Centropy&amp;arh=2&amp;w=640&amp;s=840a28f75181df844dc69fdc092120e8", "width": 640, "height": 853}, {"url": "https://i.redditmedia.com/wJ0ImsH9K9JGCbgXC3Dr8q_dgZkFAYTAENNjKULts6w.jpg?fit=crop&amp;crop=faces%2Centropy&amp;arh=2&amp;w=960&amp;s=88700e4a36f00bd681931b514025627a", "width": 960, "height": 1280}, {"url": "https://i.redditmedia.com/wJ0ImsH9K9JGCbgXC3Dr8q_dgZkFAYTAENNjKULts6w.jpg?fit=crop&amp;crop=faces%2Centropy&amp;arh=2&amp;w=1080&amp;s=7ffe1431fc84470a383990f70b4a1180", "width": 1080, "height": 1440}], "variants": {}, "id": "So4X4yw8qsBplcvQkCkJJg2kixuaXcKbLGmnh0yftdg"}]}, "num_comments": 35, "thumbnail": "http://b.thumbs.redditmedia.com/tScPE-E-vHCSMz5J4OVOA2yP2TWqIzw2mZICiDyW9UA.jpg", "subreddit_id": "t5_2qh1o", "hide_score": false, "edited": false, "link_flair_css_class": null, "author_flair_css_class": null, "downs": 0, "secure_media_embed": {}, "saved": false, "removal_reason": null, "post_hint": "link", "stickied": false, "from": null, "is_self": false, "from_id": null, "permalink": "/r/aww/comments/49ik42/my_friend_worked_on_a_farm_last_summer/", "locked": false, "name": "t3_49ik42", "created": 1457473788.0, "url": "http://imgur.com/4WG1FPX", "author_flair_text": null, "quarantine": false, "title": "my friend worked on a farm last summer", "created_utc": 1457444988.0, "distinguished": null, "mod_reports": [], "visited": false, "num_reports": null, "ups": 1410}}, {"kind": "t3", "data": {"domain": "i.imgur.com", "banned_by": null, "media_embed": {"content": "&lt;iframe class=\"embedly-embed\" src=\"//cdn.embedly.com/widgets/media.html?src=https%3A%2F%2Fi.imgur.com%2FIxaRye7.mp4&amp;src_secure=1&amp;url=http%3A%2F%2Fi.imgur.com%2FIxaRye7.gifv&amp;image=https%3A%2F%2Fi.imgur.com%2FIxaRye7h.jpg&amp;key=2aa3c4d5f3de4f5b9120b660ad850dc9&amp;type=video%2Fmp4&amp;schema=imgur\" width=\"240\" height=\"426\" scrolling=\"no\" frameborder=\"0\" allowfullscreen&gt;&lt;/iframe&gt;", "width": 240, "scrolling": false, "height": 426}, "subreddit": "aww", "selftext_html": null, "selftext": "", "likes": null, "suggested_sort": null, "user_reports": [], "secure_media": {"oembed": {"provider_url": "http://i.imgur.com", "description": "BUT JUST LOOK AT HIS LITTLE WIGGLE AT THE END!!!!", "title": "When you ask for a dog but you get an emu instead", "type": "video", "thumbnail_width": 240, "height": 426, "width": 240, "html": "&lt;iframe class=\"embedly-embed\" src=\"https://cdn.embedly.com/widgets/media.html?src=https%3A%2F%2Fi.imgur.com%2FIxaRye7.mp4&amp;src_secure=1&amp;url=http%3A%2F%2Fi.imgur.com%2FIxaRye7.gifv&amp;image=https%3A%2F%2Fi.imgur.com%2FIxaRye7h.jpg&amp;key=2aa3c4d5f3de4f5b9120b660ad850dc9&amp;type=video%2Fmp4&amp;schema=imgur\" width=\"240\" height=\"426\" scrolling=\"no\" frameborder=\"0\" allowfullscreen&gt;&lt;/iframe&gt;", "version": "1.0", "provider_name": "Imgur", "thumbnail_url": "https://i.embed.ly/1/image?url=https%3A%2F%2Fi.imgur.com%2FIxaRye7h.jpg&amp;key=b1e305db91cf4aa5a86b732cc9fffceb", "thumbnail_height": 426}, "type": "i.imgur.com"}, "link_flair_text": null, "id": "49iy8u", "from_kind": null, "gilded": 0, "archived": false, "clicked": false, "report_reasons": null, "author": "Shady_Slim", "media": {"oembed": {"provider_url": "http://i.imgur.com", "description": "BUT JUST LOOK AT HIS LITTLE WIGGLE AT THE END!!!!", "title": "When you ask for a dog but you get an emu instead", "type": "video", "thumbnail_width": 240, "height": 426, "width": 240, "html": "&lt;iframe class=\"embedly-embed\" src=\"//cdn.embedly.com/widgets/media.html?src=https%3A%2F%2Fi.imgur.com%2FIxaRye7.mp4&amp;src_secure=1&amp;url=http%3A%2F%2Fi.imgur.com%2FIxaRye7.gifv&amp;image=https%3A%2F%2Fi.imgur.com%2FIxaRye7h.jpg&amp;key=2aa3c4d5f3de4f5b9120b660ad850dc9&amp;type=video%2Fmp4&amp;schema=imgur\" width=\"240\" height=\"426\" scrolling=\"no\" frameborder=\"0\" allowfullscreen&gt;&lt;/iframe&gt;", "version": "1.0", "provider_name": "Imgur", "thumbnail_url": "https://i.imgur.com/IxaRye7h.jpg", "thumbnail_height": 426}, "type": "i.imgur.com"}, "score": 1023, "approved_by": null, "over_18": false, "hidden": false, "preview": {"images": [{"source": {"url": "https://i.redditmedia.com/DaRq-Kgw-_GkSrja9ch6KZnPB7hSEvMVw6mny8pBZMQ.jpg?s=8bcd0cb6d9e37428e397d0efc224c124", "width": 240, "height": 426}, "resolutions": [{"url": "https://i.redditmedia.com/DaRq-Kgw-_GkSrja9ch6KZnPB7hSEvMVw6mny8pBZMQ.jpg?fit=crop&amp;crop=faces%2Centropy&amp;arh=2&amp;w=108&amp;s=ab3778a2bb8c4d71ac36a9413aa02579", "width": 108, "height": 191}, {"url": "https://i.redditmedia.com/DaRq-Kgw-_GkSrja9ch6KZnPB7hSEvMVw6mny8pBZMQ.jpg?fit=crop&amp;crop=faces%2Centropy&amp;arh=2&amp;w=216&amp;s=692d996f3add9d002e1818727b63daeb", "width": 216, "height": 383}], "variants": {}, "id": "Z11bgtQEO8LCav4GvWz25o1r44GdKx9GcCfp4a09HiU"}]}, "num_comments": 51, "thumbnail": "http://b.thumbs.redditmedia.com/USjvPir7OoDsH9XIBHB15EVq5b-TIpmZiq2-Cq0zv2o.jpg", "subreddit_id": "t5_2qh1o", "hide_score": false, "edited": false, "link_flair_css_class": null, "author_flair_css_class": null, "downs": 0, "secure_media_embed": {"content": "&lt;iframe class=\"embedly-embed\" src=\"https://cdn.embedly.com/widgets/media.html?src=https%3A%2F%2Fi.imgur.com%2FIxaRye7.mp4&amp;src_secure=1&amp;url=http%3A%2F%2Fi.imgur.com%2FIxaRye7.gifv&amp;image=https%3A%2F%2Fi.imgur.com%2FIxaRye7h.jpg&amp;key=2aa3c4d5f3de4f5b9120b660ad850dc9&amp;type=video%2Fmp4&amp;schema=imgur\" width=\"240\" height=\"426\" scrolling=\"no\" frameborder=\"0\" allowfullscreen&gt;&lt;/iframe&gt;", "width": 240, "scrolling": false, "height": 426}, "saved": false, "removal_reason": null, "post_hint": "rich:video", "stickied": false, "from": null, "is_self": false, "from_id": null, "permalink": "/r/aww/comments/49iy8u/when_you_ask_for_a_dog_but_you_get_an_emu_instead/", "locked": false, "name": "t3_49iy8u", "created": 1457479544.0, "url": "http://i.imgur.com/IxaRye7.gifv", "author_flair_text": null, "quarantine": false, "title": "When you ask for a dog but you get an emu instead", "created_utc": 1457450744.0, "distinguished": null, "mod_reports": [], "visited": false, "num_reports": null, "ups": 1023}}, {"kind": "t3", "data": {"domain": "i.imgur.com", "banned_by": null, "media_embed": {}, "subreddit": "aww", "selftext_html": null, "selftext": "", "likes": null, "suggested_sort": null, "user_reports": [], "secure_media": null, "link_flair_text": null, "id": "49jffn", "from_kind": null, "gilded": 0, "archived": false, "clicked": false, "report_reasons": null, "author": "JasmineRahman", "media": null, "score": 729, "approved_by": null, "over_18": false, "hidden": false, "preview": {"images": [{"source": {"url": "https://i.redditmedia.com/6txrvrVV2wAJ_NuMJ4nuDLGXsgKF9f86X-4NATsMfCQ.jpg?s=d5d8396941634e5ab9bf501965ef7b0f", "width": 958, "height": 1280}, "resolutions": [{"url": "https://i.redditmedia.com/6txrvrVV2wAJ_NuMJ4nuDLGXsgKF9f86X-4NATsMfCQ.jpg?fit=crop&amp;crop=faces%2Centropy&amp;arh=2&amp;w=108&amp;s=d1cfce5ad8147aec1e5fc3f79395ea2d", "width": 108, "height": 144}, {"url": "https://i.redditmedia.com/6txrvrVV2wAJ_NuMJ4nuDLGXsgKF9f86X-4NATsMfCQ.jpg?fit=crop&amp;crop=faces%2Centropy&amp;arh=2&amp;w=216&amp;s=28c87cee42dd355a92e1ca66c14b2e01", "width": 216, "height": 288}, {"url": "https://i.redditmedia.com/6txrvrVV2wAJ_NuMJ4nuDLGXsgKF9f86X-4NATsMfCQ.jpg?fit=crop&amp;crop=faces%2Centropy&amp;arh=2&amp;w=320&amp;s=029d0d0107a534047ad5dc00db430f94", "width": 320, "height": 427}, {"url": "https://i.redditmedia.com/6txrvrVV2wAJ_NuMJ4nuDLGXsgKF9f86X-4NATsMfCQ.jpg?fit=crop&amp;crop=faces%2Centropy&amp;arh=2&amp;w=640&amp;s=f639585ea8f9b58b973a7cb220806993", "width": 640, "height": 855}], "variants": {}, "id": "ZqOnD8JuHR92J-nMN478rlEb2W7bOkAP--iBp5_QiAU"}]}, "num_comments": 9, "thumbnail": "http://b.thumbs.redditmedia.com/rEFtFtkUgoICfmwEy6a3oGaz_GMcTtMwCjjr2nLr-ew.jpg", "subreddit_id": "t5_2qh1o", "hide_score": false, "edited": false, "link_flair_css_class": null, "author_flair_css_class": null, "downs": 0, "secure_media_embed": {}, "saved": false, "removal_reason": null, "post_hint": "image", "stickied": false, "from": null, "is_self": false, "from_id": null, "permalink": "/r/aww/comments/49jffn/corgi_is_power_corgi_is_truth/", "locked": false, "name": "t3_49jffn", "created": 1457485704.0, "url": "http://i.imgur.com/GRkh98t.jpg?1", "author_flair_text": null, "quarantine": false, "title": "Corgi is power, Corgi is truth.", "created_utc": 1457456904.0, "distinguished": null, "mod_reports": [], "visited": false, "num_reports": null, "ups": 729}}, {"kind": "t3", "data": {"domain": "imgur.com", "banned_by": null, "media_embed": {"content": "&lt;iframe class=\"embedly-embed\" src=\"//cdn.embedly.com/widgets/media.html?src=%2F%2Fimgur.com%2Fa%2FT6XD5%2Fembed&amp;url=http%3A%2F%2Fimgur.com%2Fa%2FT6XD5&amp;image=http%3A%2F%2Fi.imgur.com%2FepqCn3a.jpg%3Ffb&amp;key=2aa3c4d5f3de4f5b9120b660ad850dc9&amp;type=text%2Fhtml&amp;schema=imgur\" width=\"550\" height=\"550\" scrolling=\"no\" frameborder=\"0\" allowfullscreen&gt;&lt;/iframe&gt;", "width": 550, "scrolling": false, "height": 550}, "subreddit": "aww", "selftext_html": null, "selftext": "", "likes": null, "suggested_sort": null, "user_reports": [], "secure_media": {"oembed": {"provider_url": "http://imgur.com", "description": "Imgur: The most awesome images on the Internet.", "title": "Dinner for Three", "type": "rich", "thumbnail_width": 600, "height": 550, "width": 550, "html": "&lt;iframe class=\"embedly-embed\" src=\"https://cdn.embedly.com/widgets/media.html?src=%2F%2Fimgur.com%2Fa%2FT6XD5%2Fembed&amp;url=http%3A%2F%2Fimgur.com%2Fa%2FT6XD5&amp;image=http%3A%2F%2Fi.imgur.com%2FepqCn3a.jpg%3Ffb&amp;key=2aa3c4d5f3de4f5b9120b660ad850dc9&amp;type=text%2Fhtml&amp;schema=imgur\" width=\"550\" height=\"550\" scrolling=\"no\" frameborder=\"0\" allowfullscreen&gt;&lt;/iframe&gt;", "version": "1.0", "provider_name": "Imgur", "thumbnail_url": "https://i.embed.ly/1/image?url=http%3A%2F%2Fi.imgur.com%2FepqCn3a.jpg%3Ffb&amp;key=b1e305db91cf4aa5a86b732cc9fffceb", "thumbnail_height": 315}, "type": "imgur.com"}, "link_flair_text": null, "id": "49jlmf", "from_kind": null, "gilded": 0, "archived": false, "clicked": false, "report_reasons": null, "author": "jtw439", "media": {"oembed": {"provider_url": "http://imgur.com", "description": "Imgur: The most awesome images on the Internet.", "title": "Dinner for Three", "type": "rich", "thumbnail_width": 600, "height": 550, "width": 550, "html": "&lt;iframe class=\"embedly-embed\" src=\"//cdn.embedly.com/widgets/media.html?src=%2F%2Fimgur.com%2Fa%2FT6XD5%2Fembed&amp;url=http%3A%2F%2Fimgur.com%2Fa%2FT6XD5&amp;image=http%3A%2F%2Fi.imgur.com%2FepqCn3a.jpg%3Ffb&amp;key=2aa3c4d5f3de4f5b9120b660ad850dc9&amp;type=text%2Fhtml&amp;schema=imgur\" width=\"550\" height=\"550\" scrolling=\"no\" frameborder=\"0\" allowfullscreen&gt;&lt;/iframe&gt;", "version": "1.0", "provider_name": "Imgur", "thumbnail_url": "http://i.imgur.com/epqCn3a.jpg?fb", "thumbnail_height": 315}, "type": "imgur.com"}, "score": 580, "approved_by": null, "over_18": false, "hidden": false, "preview": {"images": [{"source": {"url": "https://i.redditmedia.com/0KPZ24VEQPTOnGZqQo_XG4QVoZWAE55Ajn7yoB4x8kc.jpg?s=e46de76f9c276fa777b89c0a30f88d6b", "width": 600, "height": 315}, "resolutions": [{"url": "https://i.redditmedia.com/0KPZ24VEQPTOnGZqQo_XG4QVoZWAE55Ajn7yoB4x8kc.jpg?fit=crop&amp;crop=faces%2Centropy&amp;arh=2&amp;w=108&amp;s=aec22b1acb070206341d6609e795cb68", "width": 108, "height": 56}, {"url": "https://i.redditmedia.com/0KPZ24VEQPTOnGZqQo_XG4QVoZWAE55Ajn7yoB4x8kc.jpg?fit=crop&amp;crop=faces%2Centropy&amp;arh=2&amp;w=216&amp;s=d493c494ca5d1e0cf92d8e5d35fcd400", "width": 216, "height": 113}, {"url": "https://i.redditmedia.com/0KPZ24VEQPTOnGZqQo_XG4QVoZWAE55Ajn7yoB4x8kc.jpg?fit=crop&amp;crop=faces%2Centropy&amp;arh=2&amp;w=320&amp;s=b487e948bd44629f9733a374a401b8dd", "width": 320, "height": 168}], "variants": {}, "id": "DaZNOw8pqQrA_lSTT6gW7sLN_5eL6p3-TQ7kKA0Rmsg"}]}, "num_comments": 50, "thumbnail": "http://b.thumbs.redditmedia.com/RLneN4JRAAmWwCsFFYr3XUtQ42G8QmSM_ahed9yXnnM.jpg", "subreddit_id": "t5_2qh1o", "hide_score": false, "edited": false, "link_flair_css_class": null, "author_flair_css_class": null, "downs": 0, "secure_media_embed": {"content": "&lt;iframe class=\"embedly-embed\" src=\"https://cdn.embedly.com/widgets/media.html?src=%2F%2Fimgur.com%2Fa%2FT6XD5%2Fembed&amp;url=http%3A%2F%2Fimgur.com%2Fa%2FT6XD5&amp;image=http%3A%2F%2Fi.imgur.com%2FepqCn3a.jpg%3Ffb&amp;key=2aa3c4d5f3de4f5b9120b660ad850dc9&amp;type=text%2Fhtml&amp;schema=imgur\" width=\"550\" height=\"550\" scrolling=\"no\" frameborder=\"0\" allowfullscreen&gt;&lt;/iframe&gt;", "width": 550, "scrolling": false, "height": 550}, "saved": false, "removal_reason": null, "post_hint": "link", "stickied": false, "from": null, "is_self": false, "from_id": null, "permalink": "/r/aww/comments/49jlmf/a_year_of_my_cat_watching_my_food/", "locked": false, "name": "t3_49jlmf", "created": 1457487894.0, "url": "http://imgur.com/a/T6XD5", "author_flair_text": null, "quarantine": false, "title": "A Year of My Cat Watching My Food", "created_utc": 1457459094.0, "distinguished": null, "mod_reports": [], "visited": false, "num_reports": null, "ups": 580}}, {"kind": "t3", "data": {"domain": "imgur.com", "banned_by": null, "media_embed": {}, "subreddit": "aww", "selftext_html": null, "selftext": "", "likes": null, "suggested_sort": null, "user_reports": [], "secure_media": null, "link_flair_text": null, "id": "49ie6x", "from_kind": null, "gilded": 0, "archived": false, "clicked": false, "report_reasons": null, "author": "BwillarM", "media": null, "score": 1291, "approved_by": null, "over_18": false, "hidden": false, "preview": {"images": [{"source": {"url": "https://i.redditmedia.com/lIWi7RsdoWZLFXL4H0aiWEB1I1m5ukFUsgL6pOYCpD8.jpg?s=6729db530f15d557de49379d65585a45", "width": 2448, "height": 3264}, "resolutions": [{"url": "https://i.redditmedia.com/lIWi7RsdoWZLFXL4H0aiWEB1I1m5ukFUsgL6pOYCpD8.jpg?fit=crop&amp;crop=faces%2Centropy&amp;arh=2&amp;w=108&amp;s=8b9041f452972f245c5675509ea57409", "width": 108, "height": 144}, {"url": "https://i.redditmedia.com/lIWi7RsdoWZLFXL4H0aiWEB1I1m5ukFUsgL6pOYCpD8.jpg?fit=crop&amp;crop=faces%2Centropy&amp;arh=2&amp;w=216&amp;s=460f133c1a153a83994ad482b525cf3a", "width": 216, "height": 288}, {"url": "https://i.redditmedia.com/lIWi7RsdoWZLFXL4H0aiWEB1I1m5ukFUsgL6pOYCpD8.jpg?fit=crop&amp;crop=faces%2Centropy&amp;arh=2&amp;w=320&amp;s=a280e85b2d15ede2f6496c1c5a4775af", "width": 320, "height": 426}, {"url": "https://i.redditmedia.com/lIWi7RsdoWZLFXL4H0aiWEB1I1m5ukFUsgL6pOYCpD8.jpg?fit=crop&amp;crop=faces%2Centropy&amp;arh=2&amp;w=640&amp;s=cff606b2e7ec551eae5fbc962afad134", "width": 640, "height": 853}, {"url": "https://i.redditmedia.com/lIWi7RsdoWZLFXL4H0aiWEB1I1m5ukFUsgL6pOYCpD8.jpg?fit=crop&amp;crop=faces%2Centropy&amp;arh=2&amp;w=960&amp;s=c5fca68a8690dcf4e7e14849c0dd7a87", "width": 960, "height": 1280}, {"url": "https://i.redditmedia.com/lIWi7RsdoWZLFXL4H0aiWEB1I1m5ukFUsgL6pOYCpD8.jpg?fit=crop&amp;crop=faces%2Centropy&amp;arh=2&amp;w=1080&amp;s=10775bd313663ca48e6c6350ccfef8df", "width": 1080, "height": 1440}], "variants": {}, "id": "GACXzPEDDds1flWHf9n83u9OfX7x8aMzD6vgCExWaLk"}]}, "num_comments": 43, "thumbnail": "http://b.thumbs.redditmedia.com/sSLbhRINcnEsAydR6tyyBt4ZzmNnPxpO0_34du4-z4k.jpg", "subreddit_id": "t5_2qh1o", "hide_score": false, "edited": false, "link_flair_css_class": null, "author_flair_css_class": null, "downs": 0, "secure_media_embed": {}, "saved": false, "removal_reason": null, "post_hint": "link", "stickied": false, "from": null, "is_self": false, "from_id": null, "permalink": "/r/aww/comments/49ie6x/i_think_she_likes_the_new_spare_bed/", "locked": false, "name": "t3_49ie6x", "created": 1457471103.0, "url": "http://imgur.com/qtP6sOG", "author_flair_text": null, "quarantine": false, "title": "I think she likes the new spare bed.", "created_utc": 1457442303.0, "distinguished": null, "mod_reports": [], "visited": false, "num_reports": null, "ups": 1291}}, {"kind": "t3", "data": {"domain": "i.imgur.com", "banned_by": null, "media_embed": {"content": "&lt;iframe class=\"embedly-embed\" src=\"//cdn.embedly.com/widgets/media.html?src=https%3A%2F%2Fi.imgur.com%2Fw3VvJoK.mp4&amp;src_secure=1&amp;url=http%3A%2F%2Fi.imgur.com%2Fw3VvJoK.gifv&amp;image=https%3A%2F%2Fi.imgur.com%2Fw3VvJoKh.jpg&amp;key=2aa3c4d5f3de4f5b9120b660ad850dc9&amp;type=video%2Fmp4&amp;schema=imgur\" width=\"600\" height=\"338\" scrolling=\"no\" frameborder=\"0\" allowfullscreen&gt;&lt;/iframe&gt;", "width": 600, "scrolling": false, "height": 338}, "subreddit": "aww", "selftext_html": null, "selftext": "", "likes": null, "suggested_sort": null, "user_reports": [], "secure_media": {"type": "i.imgur.com", "oembed": {"provider_url": "http://i.imgur.com", "description": "I am this hooman&amp;#039;s floof. Gravy: https://www.youtube.com/watch?v=Rg1GwgcUvMc", "title": "I am ever vigilant. I am the protector. I am... aww shucks", "thumbnail_width": 718, "height": 338, "width": 600, "html": "&lt;iframe class=\"embedly-embed\" src=\"https://cdn.embedly.com/widgets/media.html?src=https%3A%2F%2Fi.imgur.com%2Fw3VvJoK.mp4&amp;src_secure=1&amp;url=http%3A%2F%2Fi.imgur.com%2Fw3VvJoK.gifv&amp;image=https%3A%2F%2Fi.imgur.com%2Fw3VvJoKh.jpg&amp;key=2aa3c4d5f3de4f5b9120b660ad850dc9&amp;type=video%2Fmp4&amp;schema=imgur\" width=\"600\" height=\"338\" scrolling=\"no\" frameborder=\"0\" allowfullscreen&gt;&lt;/iframe&gt;", "version": "1.0", "provider_name": "Imgur", "thumbnail_url": "https://i.embed.ly/1/image?url=https%3A%2F%2Fi.imgur.com%2Fw3VvJoKh.jpg&amp;key=b1e305db91cf4aa5a86b732cc9fffceb", "type": "video", "thumbnail_height": 404}}, "link_flair_text": null, "id": "49gwyc", "from_kind": null, "gilded": 0, "archived": false, "clicked": false, "report_reasons": null, "author": "crazyoez", "media": {"type": "i.imgur.com", "oembed": {"provider_url": "http://i.imgur.com", "description": "I am this hooman&amp;#039;s floof. Gravy: https://www.youtube.com/watch?v=Rg1GwgcUvMc", "title": "I am ever vigilant. I am the protector. I am... aww shucks", "thumbnail_width": 718, "height": 338, "width": 600, "html": "&lt;iframe class=\"embedly-embed\" src=\"//cdn.embedly.com/widgets/media.html?src=https%3A%2F%2Fi.imgur.com%2Fw3VvJoK.mp4&amp;src_secure=1&amp;url=http%3A%2F%2Fi.imgur.com%2Fw3VvJoK.gifv&amp;image=https%3A%2F%2Fi.imgur.com%2Fw3VvJoKh.jpg&amp;key=2aa3c4d5f3de4f5b9120b660ad850dc9&amp;type=video%2Fmp4&amp;schema=imgur\" width=\"600\" height=\"338\" scrolling=\"no\" frameborder=\"0\" allowfullscreen&gt;&lt;/iframe&gt;", "version": "1.0", "provider_name": "Imgur", "thumbnail_url": "https://i.imgur.com/w3VvJoKh.jpg", "type": "video", "thumbnail_height": 404}}, "score": 5501, "approved_by": null, "over_18": false, "hidden": false, "preview": {"images": [{"source": {"url": "https://i.redditmedia.com/dMaYnaWLZg48FUH6KDlIEDKBT9U0fg92XunqlDqa5G0.jpg?s=0d58b1952bfb36ea28b2635eeed111b1", "width": 718, "height": 404}, "resolutions": [{"url": "https://i.redditmedia.com/dMaYnaWLZg48FUH6KDlIEDKBT9U0fg92XunqlDqa5G0.jpg?fit=crop&amp;crop=faces%2Centropy&amp;arh=2&amp;w=108&amp;s=43e2923b4f9f60dcfaf106e4671362cf", "width": 108, "height": 60}, {"url": "https://i.redditmedia.com/dMaYnaWLZg48FUH6KDlIEDKBT9U0fg92XunqlDqa5G0.jpg?fit=crop&amp;crop=faces%2Centropy&amp;arh=2&amp;w=216&amp;s=489d8a17b7282ef3ffa21863e9a1b1c1", "width": 216, "height": 121}, {"url": "https://i.redditmedia.com/dMaYnaWLZg48FUH6KDlIEDKBT9U0fg92XunqlDqa5G0.jpg?fit=crop&amp;crop=faces%2Centropy&amp;arh=2&amp;w=320&amp;s=e9b1f757622717b1da40825412b7d160", "width": 320, "height": 180}, {"url": "https://i.redditmedia.com/dMaYnaWLZg48FUH6KDlIEDKBT9U0fg92XunqlDqa5G0.jpg?fit=crop&amp;crop=faces%2Centropy&amp;arh=2&amp;w=640&amp;s=4a9dcc4591a2ba26b0554d975fc09afe", "width": 640, "height": 360}], "variants": {}, "id": "vHe7vfYRcvsJ0HRT2bzUuz7cFhxXmwndINUfijCevzs"}]}, "num_comments": 627, "thumbnail": "http://b.thumbs.redditmedia.com/Aw1d-IU_io_W1GSFDzQCpRxhc8Ww-e4yZ9lukxgdrMA.jpg", "subreddit_id": "t5_2qh1o", "hide_score": false, "edited": false, "link_flair_css_class": null, "author_flair_css_class": null, "downs": 0, "secure_media_embed": {"content": "&lt;iframe class=\"embedly-embed\" src=\"https://cdn.embedly.com/widgets/media.html?src=https%3A%2F%2Fi.imgur.com%2Fw3VvJoK.mp4&amp;src_secure=1&amp;url=http%3A%2F%2Fi.imgur.com%2Fw3VvJoK.gifv&amp;image=https%3A%2F%2Fi.imgur.com%2Fw3VvJoKh.jpg&amp;key=2aa3c4d5f3de4f5b9120b660ad850dc9&amp;type=video%2Fmp4&amp;schema=imgur\" width=\"600\" height=\"338\" scrolling=\"no\" frameborder=\"0\" allowfullscreen&gt;&lt;/iframe&gt;", "width": 600, "scrolling": false, "height": 338}, "saved": false, "removal_reason": null, "post_hint": "rich:video", "stickied": false, "from": null, "is_self": false, "from_id": null, "permalink": "/r/aww/comments/49gwyc/i_am_ever_vigilant_i_am_the_protector_i_am_aww/", "locked": false, "name": "t3_49gwyc", "created": 1457442569.0, "url": "http://i.imgur.com/w3VvJoK.gifv", "author_flair_text": null, "quarantine": false, "title": "I am ever vigilant. I am the protector. I am... aww shucks", "created_utc": 1457413769.0, "distinguished": null, "mod_reports": [], "visited": false, "num_reports": null, "ups": 5501}}, {"kind": "t3", "data": {"domain": "i.imgur.com", "banned_by": null, "media_embed": {"content": "&lt;iframe class=\"embedly-embed\" src=\"//cdn.embedly.com/widgets/media.html?src=https%3A%2F%2Fi.imgur.com%2FVQQoXLQ.mp4&amp;src_secure=1&amp;url=http%3A%2F%2Fi.imgur.com%2FVQQoXLQ.gifv&amp;image=https%3A%2F%2Fi.imgur.com%2FVQQoXLQh.jpg&amp;key=2aa3c4d5f3de4f5b9120b660ad850dc9&amp;type=video%2Fmp4&amp;schema=imgur\" width=\"400\" height=\"300\" scrolling=\"no\" frameborder=\"0\" allowfullscreen&gt;&lt;/iframe&gt;", "width": 400, "scrolling": false, "height": 300}, "subreddit": "aww", "selftext_html": null, "selftext": "", "likes": null, "suggested_sort": null, "user_reports": [], "secure_media": {"oembed": {"provider_url": "http://i.imgur.com", "description": "Imgur: The most awesome images on the Internet.", "title": "Imgur GIF", "type": "video", "thumbnail_width": 400, "height": 300, "width": 400, "html": "&lt;iframe class=\"embedly-embed\" src=\"https://cdn.embedly.com/widgets/media.html?src=https%3A%2F%2Fi.imgur.com%2FVQQoXLQ.mp4&amp;src_secure=1&amp;url=http%3A%2F%2Fi.imgur.com%2FVQQoXLQ.gifv&amp;image=https%3A%2F%2Fi.imgur.com%2FVQQoXLQh.jpg&amp;key=2aa3c4d5f3de4f5b9120b660ad850dc9&amp;type=video%2Fmp4&amp;schema=imgur\" width=\"400\" height=\"300\" scrolling=\"no\" frameborder=\"0\" allowfullscreen&gt;&lt;/iframe&gt;", "version": "1.0", "provider_name": "Imgur", "thumbnail_url": "https://i.embed.ly/1/image?url=https%3A%2F%2Fi.imgur.com%2FVQQoXLQh.jpg&amp;key=b1e305db91cf4aa5a86b732cc9fffceb", "thumbnail_height": 300}, "type": "i.imgur.com"}, "link_flair_text": null, "id": "49k0yy", "from_kind": null, "gilded": 0, "archived": false, "clicked": false, "report_reasons": null, "author": "mattythedog", "media": {"oembed": {"provider_url": "http://i.imgur.com", "description": "Imgur: The most awesome images on the Internet.", "title": "Imgur GIF", "type": "video", "thumbnail_width": 400, "height": 300, "width": 400, "html": "&lt;iframe class=\"embedly-embed\" src=\"//cdn.embedly.com/widgets/media.html?src=https%3A%2F%2Fi.imgur.com%2FVQQoXLQ.mp4&amp;src_secure=1&amp;url=http%3A%2F%2Fi.imgur.com%2FVQQoXLQ.gifv&amp;image=https%3A%2F%2Fi.imgur.com%2FVQQoXLQh.jpg&amp;key=2aa3c4d5f3de4f5b9120b660ad850dc9&amp;type=video%2Fmp4&amp;schema=imgur\" width=\"400\" height=\"300\" scrolling=\"no\" frameborder=\"0\" allowfullscreen&gt;&lt;/iframe&gt;", "version": "1.0", "provider_name": "Imgur", "thumbnail_url": "https://i.imgur.com/VQQoXLQh.jpg", "thumbnail_height": 300}, "type": "i.imgur.com"}, "score": 278, "approved_by": null, "over_18": false, "hidden": false, "preview": {"images": [{"source": {"url": "https://i.redditmedia.com/0vjTo7_w3iJGS-YnZcU21UAL660UP_2IH7Sm3zpneDU.jpg?s=38bf7cf7f7ae04f052fda2b80155edf6", "width": 400, "height": 300}, "resolutions": [{"url": "https://i.redditmedia.com/0vjTo7_w3iJGS-YnZcU21UAL660UP_2IH7Sm3zpneDU.jpg?fit=crop&amp;crop=faces%2Centropy&amp;arh=2&amp;w=108&amp;s=c38292793f8c71689de263582a801c95", "width": 108, "height": 81}, {"url": "https://i.redditmedia.com/0vjTo7_w3iJGS-YnZcU21UAL660UP_2IH7Sm3zpneDU.jpg?fit=crop&amp;crop=faces%2Centropy&amp;arh=2&amp;w=216&amp;s=2295eec0955d24b47753bd3430f80bad", "width": 216, "height": 162}, {"url": "https://i.redditmedia.com/0vjTo7_w3iJGS-YnZcU21UAL660UP_2IH7Sm3zpneDU.jpg?fit=crop&amp;crop=faces%2Centropy&amp;arh=2&amp;w=320&amp;s=3d260e2458434ea8f7ee2be3ad67a242", "width": 320, "height": 240}], "variants": {}, "id": "Pdx3sS90uOQ8W3u_ZbmofQ6aMXSsokIoJ-KSKKPYw9M"}]}, "num_comments": 7, "thumbnail": "http://b.thumbs.redditmedia.com/DrJ6ZE4m_krWGeiSB8LxmWFd9zjHKnOVK_0avjIwUjo.jpg", "subreddit_id": "t5_2qh1o", "hide_score": false, "edited": false, "link_flair_css_class": null, "author_flair_css_class": null, "downs": 0, "secure_media_embed": {"content": "&lt;iframe class=\"embedly-embed\" src=\"https://cdn.embedly.com/widgets/media.html?src=https%3A%2F%2Fi.imgur.com%2FVQQoXLQ.mp4&amp;src_secure=1&amp;url=http%3A%2F%2Fi.imgur.com%2FVQQoXLQ.gifv&amp;image=https%3A%2F%2Fi.imgur.com%2FVQQoXLQh.jpg&amp;key=2aa3c4d5f3de4f5b9120b660ad850dc9&amp;type=video%2Fmp4&amp;schema=imgur\" width=\"400\" height=\"300\" scrolling=\"no\" frameborder=\"0\" allowfullscreen&gt;&lt;/iframe&gt;", "width": 400, "scrolling": false, "height": 300}, "saved": false, "removal_reason": null, "post_hint": "rich:video", "stickied": false, "from": null, "is_self": false, "from_id": null, "permalink": "/r/aww/comments/49k0yy/carry_me_please/", "locked": false, "name": "t3_49k0yy", "created": 1457493164.0, "url": "http://i.imgur.com/VQQoXLQ.gifv", "author_flair_text": null, "quarantine": false, "title": "Carry me please!", "created_utc": 1457464364.0, "distinguished": null, "mod_reports": [], "visited": false, "num_reports": null, "ups": 278}}, {"kind": "t3", "data": {"domain": "imgur.com", "banned_by": null, "media_embed": {}, "subreddit": "aww", "selftext_html": null, "selftext": "", "likes": null, "suggested_sort": null, "user_reports": [], "secure_media": null, "link_flair_text": null, "id": "49g3qu", "from_kind": null, "gilded": 0, "archived": false, "clicked": false, "report_reasons": null, "author": "Munimalist", "media": null, "score": 5630, "approved_by": null, "over_18": false, "hidden": false, "preview": {"images": [{"source": {"url": "https://i.redditmedia.com/brWQwj-njW_j9ar92RmTBQsPOVyEILmikL5T3xlwT_0.jpg?s=ed58b66ff05cb18072103fb19ff4c4b8", "width": 2000, "height": 1333}, "resolutions": [{"url": "https://i.redditmedia.com/brWQwj-njW_j9ar92RmTBQsPOVyEILmikL5T3xlwT_0.jpg?fit=crop&amp;crop=faces%2Centropy&amp;arh=2&amp;w=108&amp;s=37c08e21dfdaf503d1cf0ef9fd78e6a6", "width": 108, "height": 71}, {"url": "https://i.redditmedia.com/brWQwj-njW_j9ar92RmTBQsPOVyEILmikL5T3xlwT_0.jpg?fit=crop&amp;crop=faces%2Centropy&amp;arh=2&amp;w=216&amp;s=5fb4b7dc06207bc168137afc09ab5b04", "width": 216, "height": 143}, {"url": "https://i.redditmedia.com/brWQwj-njW_j9ar92RmTBQsPOVyEILmikL5T3xlwT_0.jpg?fit=crop&amp;crop=faces%2Centropy&amp;arh=2&amp;w=320&amp;s=35c7fd4f6c960fb34c61e1cce5ba956c", "width": 320, "height": 213}, {"url": "https://i.redditmedia.com/brWQwj-njW_j9ar92RmTBQsPOVyEILmikL5T3xlwT_0.jpg?fit=crop&amp;crop=faces%2Centropy&amp;arh=2&amp;w=640&amp;s=67e519da9465422aa1b7d96b35705547", "width": 640, "height": 426}, {"url": "https://i.redditmedia.com/brWQwj-njW_j9ar92RmTBQsPOVyEILmikL5T3xlwT_0.jpg?fit=crop&amp;crop=faces%2Centropy&amp;arh=2&amp;w=960&amp;s=761aaa19ba0101d5486e036b32225d31", "width": 960, "height": 639}, {"url": "https://i.redditmedia.com/brWQwj-njW_j9ar92RmTBQsPOVyEILmikL5T3xlwT_0.jpg?fit=crop&amp;crop=faces%2Centropy&amp;arh=2&amp;w=1080&amp;s=bba6838c99817a79b98b374c44a5e5ea", "width": 1080, "height": 719}], "variants": {}, "id": "5gd2DTIr8_XuCU9zmUFQv2nA-_a2rQjR5Fa4YaUKMDY"}]}, "num_comments": 161, "thumbnail": "http://a.thumbs.redditmedia.com/Jp7KKZMnkTZslxHQRN9hFxX6yDsBjgjkl2Y5DLBgiZ4.jpg", "subreddit_id": "t5_2qh1o", "hide_score": false, "edited": false, "link_flair_css_class": null, "author_flair_css_class": null, "downs": 0, "secure_media_embed": {}, "saved": false, "removal_reason": null, "post_hint": "link", "stickied": false, "from": null, "is_self": false, "from_id": null, "permalink": "/r/aww/comments/49g3qu/raccoon_watching_a_baseball_game/", "locked": false, "name": "t3_49g3qu", "created": 1457431051.0, "url": "http://imgur.com/Gzf0J5j", "author_flair_text": null, "quarantine": false, "title": "Raccoon watching a baseball game", "created_utc": 1457402251.0, "distinguished": null, "mod_reports": [], "visited": false, "num_reports": null, "ups": 5630}}, {"kind": "t3", "data": {"domain": "imgur.com", "banned_by": null, "media_embed": {}, "subreddit": "aww", "selftext_html": null, "selftext": "", "likes": null, "suggested_sort": null, "user_reports": [], "secure_media": null, "link_flair_text": null, "id": "49k277", "from_kind": null, "gilded": 0, "archived": false, "clicked": false, "report_reasons": null, "author": "TigersInSweatshirts", "media": null, "score": 229, "approved_by": null, "over_18": false, "hidden": false, "preview": {"images": [{"source": {"url": "https://i.redditmedia.com/19QYeA6wUQiEmnMOR202R_inD7VairRTqr-O_XIdmGI.jpg?s=4db34de48f486d025291ed6c06aa0aef", "width": 1080, "height": 1920}, "resolutions": [{"url": "https://i.redditmedia.com/19QYeA6wUQiEmnMOR202R_inD7VairRTqr-O_XIdmGI.jpg?fit=crop&amp;crop=faces%2Centropy&amp;arh=2&amp;w=108&amp;s=018cf6929eda8014b65e26308337bafb", "width": 108, "height": 192}, {"url": "https://i.redditmedia.com/19QYeA6wUQiEmnMOR202R_inD7VairRTqr-O_XIdmGI.jpg?fit=crop&amp;crop=faces%2Centropy&amp;arh=2&amp;w=216&amp;s=ba80a0c432de2837cf9524241dfe775f", "width": 216, "height": 384}, {"url": "https://i.redditmedia.com/19QYeA6wUQiEmnMOR202R_inD7VairRTqr-O_XIdmGI.jpg?fit=crop&amp;crop=faces%2Centropy&amp;arh=2&amp;w=320&amp;s=67a3fcd1d7d4add45bf9565c106eb0cd", "width": 320, "height": 568}, {"url": "https://i.redditmedia.com/19QYeA6wUQiEmnMOR202R_inD7VairRTqr-O_XIdmGI.jpg?fit=crop&amp;crop=faces%2Centropy&amp;arh=2&amp;w=640&amp;s=f8c232e0052810020967b6d6b3aa53b5", "width": 640, "height": 1137}, {"url": "https://i.redditmedia.com/19QYeA6wUQiEmnMOR202R_inD7VairRTqr-O_XIdmGI.jpg?fit=crop&amp;crop=faces%2Centropy&amp;arh=2&amp;w=960&amp;s=f68713cf9dd1d5b90884f8d29b03fb06", "width": 960, "height": 1706}, {"url": "https://i.redditmedia.com/19QYeA6wUQiEmnMOR202R_inD7VairRTqr-O_XIdmGI.jpg?fit=crop&amp;crop=faces%2Centropy&amp;arh=2&amp;w=1080&amp;s=2f0b32b4932bc3b2599d7dd5f0d727db", "width": 1080, "height": 1920}], "variants": {}, "id": "IrRdYlSzAzCyS-eDf7gA_fxt--_V1eV8MpjztC5ctgk"}]}, "num_comments": 12, "thumbnail": "http://b.thumbs.redditmedia.com/oAGS0jWRMVxwr2_-RkmQoPaIQ5WIieFlmVVu5bYMPFM.jpg", "subreddit_id": "t5_2qh1o", "hide_score": false, "edited": false, "link_flair_css_class": null, "author_flair_css_class": null, "downs": 0, "secure_media_embed": {}, "saved": false, "removal_reason": null, "post_hint": "link", "stickied": false, "from": null, "is_self": false, "from_id": null, "permalink": "/r/aww/comments/49k277/he_was_screaming_like_a_little_girl_in_his_kennel/", "locked": false, "name": "t3_49k277", "created": 1457493581.0, "url": "http://imgur.com/bPHj1jK", "author_flair_text": null, "quarantine": false, "title": "He was screaming like a little girl in his kennel so I took him out and this was all he wanted", "created_utc": 1457464781.0, "distinguished": null, "mod_reports": [], "visited": false, "num_reports": null, "ups": 229}}, {"kind": "t3", "data": {"domain": "imgur.com", "banned_by": null, "media_embed": {"content": "&lt;iframe class=\"embedly-embed\" src=\"//cdn.embedly.com/widgets/media.html?src=https%3A%2F%2Fi.imgur.com%2FOeOdrKI.mp4&amp;src_secure=1&amp;url=http%3A%2F%2Fimgur.com%2Fgallery%2FOeOdrKI&amp;image=http%3A%2F%2Fi.imgur.com%2FOeOdrKIh.jpg&amp;key=2aa3c4d5f3de4f5b9120b660ad850dc9&amp;type=video%2Fmp4&amp;schema=imgur\" width=\"600\" height=\"338\" scrolling=\"no\" frameborder=\"0\" allowfullscreen&gt;&lt;/iframe&gt;", "width": 600, "scrolling": false, "height": 338}, "subreddit": "aww", "selftext_html": null, "selftext": "", "likes": null, "suggested_sort": null, "user_reports": [], "secure_media": {"oembed": {"provider_url": "http://imgur.com", "description": "Images uploaded by Bethn8r", "title": "Everybody needs a desk weasel", "url": "http://i.imgur.com/OeOdrKIh.jpg", "type": "video", "thumbnail_width": 718, "height": 338, "width": 600, "html": "&lt;iframe class=\"embedly-embed\" src=\"https://cdn.embedly.com/widgets/media.html?src=https%3A%2F%2Fi.imgur.com%2FOeOdrKI.mp4&amp;src_secure=1&amp;url=http%3A%2F%2Fimgur.com%2Fgallery%2FOeOdrKI&amp;image=http%3A%2F%2Fi.imgur.com%2FOeOdrKIh.jpg&amp;key=2aa3c4d5f3de4f5b9120b660ad850dc9&amp;type=video%2Fmp4&amp;schema=imgur\" width=\"600\" height=\"338\" scrolling=\"no\" frameborder=\"0\" allowfullscreen&gt;&lt;/iframe&gt;", "version": "1.0", "provider_name": "Imgur", "thumbnail_url": "https://i.embed.ly/1/image?url=http%3A%2F%2Fi.imgur.com%2FOeOdrKIh.jpg&amp;key=b1e305db91cf4aa5a86b732cc9fffceb", "thumbnail_height": 404}, "type": "imgur.com"}, "link_flair_text": null, "id": "49kapk", "from_kind": null, "gilded": 0, "archived": false, "clicked": false, "report_reasons": null, "author": "Hypercecil101", "media": {"oembed": {"provider_url": "http://imgur.com", "description": "Images uploaded by Bethn8r", "title": "Everybody needs a desk weasel", "url": "http://i.imgur.com/OeOdrKIh.jpg", "type": "video", "thumbnail_width": 718, "height": 338, "width": 600, "html": "&lt;iframe class=\"embedly-embed\" src=\"//cdn.embedly.com/widgets/media.html?src=https%3A%2F%2Fi.imgur.com%2FOeOdrKI.mp4&amp;src_secure=1&amp;url=http%3A%2F%2Fimgur.com%2Fgallery%2FOeOdrKI&amp;image=http%3A%2F%2Fi.imgur.com%2FOeOdrKIh.jpg&amp;key=2aa3c4d5f3de4f5b9120b660ad850dc9&amp;type=video%2Fmp4&amp;schema=imgur\" width=\"600\" height=\"338\" scrolling=\"no\" frameborder=\"0\" allowfullscreen&gt;&lt;/iframe&gt;", "version": "1.0", "provider_name": "Imgur", "thumbnail_url": "http://i.imgur.com/OeOdrKIh.jpg", "thumbnail_height": 404}, "type": "imgur.com"}, "score": 198, "approved_by": null, "over_18": false, "hidden": false, "preview": {"images": [{"source": {"url": "https://i.redditmedia.com/dbNKpGoOA656u7SKCkJM-n8oZ5ZN6UQMVdHvmz7-4Ic.jpg?s=0eadf65a46eb13dab4e3e7dea235910f", "width": 718, "height": 404}, "resolutions": [{"url": "https://i.redditmedia.com/dbNKpGoOA656u7SKCkJM-n8oZ5ZN6UQMVdHvmz7-4Ic.jpg?fit=crop&amp;crop=faces%2Centropy&amp;arh=2&amp;w=108&amp;s=86b0a46cbcd8d20f01742dd3771a0ec4", "width": 108, "height": 60}, {"url": "https://i.redditmedia.com/dbNKpGoOA656u7SKCkJM-n8oZ5ZN6UQMVdHvmz7-4Ic.jpg?fit=crop&amp;crop=faces%2Centropy&amp;arh=2&amp;w=216&amp;s=8e130ef59f1f634fbb5bce080ace5055", "width": 216, "height": 121}, {"url": "https://i.redditmedia.com/dbNKpGoOA656u7SKCkJM-n8oZ5ZN6UQMVdHvmz7-4Ic.jpg?fit=crop&amp;crop=faces%2Centropy&amp;arh=2&amp;w=320&amp;s=e077cbec61412e221b7b58e1883847ba", "width": 320, "height": 180}, {"url": "https://i.redditmedia.com/dbNKpGoOA656u7SKCkJM-n8oZ5ZN6UQMVdHvmz7-4Ic.jpg?fit=crop&amp;crop=faces%2Centropy&amp;arh=2&amp;w=640&amp;s=a4c2bc916584a0ea89f3b08f44d70860", "width": 640, "height": 360}], "variants": {}, "id": "hLqit2bBFer9aFSQiDQxwhGrXRxQ6yuUy-0VUaFXjBA"}]}, "num_comments": 14, "thumbnail": "http://b.thumbs.redditmedia.com/EXQjy8i1r-WgkEv-Kt-39KiKyeRW_1fbvg29lfmgjhY.jpg", "subreddit_id": "t5_2qh1o", "hide_score": false, "edited": false, "link_flair_css_class": null, "author_flair_css_class": null, "downs": 0, "secure_media_embed": {"content": "&lt;iframe class=\"embedly-embed\" src=\"https://cdn.embedly.com/widgets/media.html?src=https%3A%2F%2Fi.imgur.com%2FOeOdrKI.mp4&amp;src_secure=1&amp;url=http%3A%2F%2Fimgur.com%2Fgallery%2FOeOdrKI&amp;image=http%3A%2F%2Fi.imgur.com%2FOeOdrKIh.jpg&amp;key=2aa3c4d5f3de4f5b9120b660ad850dc9&amp;type=video%2Fmp4&amp;schema=imgur\" width=\"600\" height=\"338\" scrolling=\"no\" frameborder=\"0\" allowfullscreen&gt;&lt;/iframe&gt;", "width": 600, "scrolling": false, "height": 338}, "saved": false, "removal_reason": null, "post_hint": "rich:video", "stickied": false, "from": null, "is_self": false, "from_id": null, "permalink": "/r/aww/comments/49kapk/desk_weasel_cure_to_work_time_bordeom/", "locked": false, "name": "t3_49kapk", "created": 1457496455.0, "url": "http://imgur.com/gallery/OeOdrKI", "author_flair_text": null, "quarantine": false, "title": "Desk Weasel: Cure to work time bordeom", "created_utc": 1457467655.0, "distinguished": null, "mod_reports": [], "visited": false, "num_reports": null, "ups": 198}}, {"kind": "t3", "data": {"domain": "i.imgur.com", "banned_by": null, "media_embed": {}, "subreddit": "aww", "selftext_html": null, "selftext": "", "likes": null, "suggested_sort": null, "user_reports": [], "secure_media": null, "link_flair_text": null, "id": "49j6mt", "from_kind": null, "gilded": 0, "archived": false, "clicked": false, "report_reasons": null, "author": "RobeGong", "media": null, "score": 378, "approved_by": null, "over_18": false, "hidden": false, "preview": {"images": [{"source": {"url": "https://i.redditmedia.com/AHEINTM7_-uxgYx54A0JvKHwMNV5sv16vwWzIfdDqms.jpg?s=5ece27a0bac4200b64bdb4901c2bb1b3", "width": 500, "height": 461}, "resolutions": [{"url": "https://i.redditmedia.com/AHEINTM7_-uxgYx54A0JvKHwMNV5sv16vwWzIfdDqms.jpg?fit=crop&amp;crop=faces%2Centropy&amp;arh=2&amp;w=108&amp;s=e5be0514a08b888b35bbcd29a5a294a2", "width": 108, "height": 99}, {"url": "https://i.redditmedia.com/AHEINTM7_-uxgYx54A0JvKHwMNV5sv16vwWzIfdDqms.jpg?fit=crop&amp;crop=faces%2Centropy&amp;arh=2&amp;w=216&amp;s=032ac6d0d269fddd4ca67e68623df057", "width": 216, "height": 199}, {"url": "https://i.redditmedia.com/AHEINTM7_-uxgYx54A0JvKHwMNV5sv16vwWzIfdDqms.jpg?fit=crop&amp;crop=faces%2Centropy&amp;arh=2&amp;w=320&amp;s=85ec3a179849eb93b51912cebabbf1c5", "width": 320, "height": 295}], "variants": {}, "id": "6sbNjoD0pO9CpF7jDFh72Joty-BqXuRbFIm6NSqJ0fk"}]}, "num_comments": 8, "thumbnail": "http://b.thumbs.redditmedia.com/AwE9P9hjmWxG9k_amq8F9dkPUW5kPvRI0kB_iCu1uig.jpg", "subreddit_id": "t5_2qh1o", "hide_score": false, "edited": false, "link_flair_css_class": null, "author_flair_css_class": null, "downs": 0, "secure_media_embed": {}, "saved": false, "removal_reason": null, "post_hint": "image", "stickied": false, "from": null, "is_self": false, "from_id": null, "permalink": "/r/aww/comments/49j6mt/rubadub_dub_cute_pug_in_a_tub/", "locked": false, "name": "t3_49j6mt", "created": 1457482668.0, "url": "images/img4.jpg", "author_flair_text": null, "quarantine": false, "title": "Rub-a-Dub Dub, cute Pug in a Tub", "created_utc": 1457453868.0, "distinguished": null, "mod_reports": [], "visited": false, "num_reports": null, "ups": 378}}, {"kind": "t3", "data": {"domain": "imgur.com", "banned_by": null, "media_embed": {}, "subreddit": "aww", "selftext_html": null, "selftext": "", "likes": null, "suggested_sort": null, "user_reports": [], "secure_media": null, "link_flair_text": null, "id": "49gklw", "from_kind": null, "gilded": 0, "archived": false, "clicked": false, "report_reasons": null, "author": "Doebino", "media": null, "score": 3580, "approved_by": null, "over_18": false, "hidden": false, "preview": {"images": [{"source": {"url": "https://i.redditmedia.com/vDp0bGGgRcq7IA4tKuhgWhhl3_MsyKRiAL0C3NCQnLM.jpg?s=5231afc7ed6e6934612e640dddbf761f", "width": 1024, "height": 1024}, "resolutions": [{"url": "https://i.redditmedia.com/vDp0bGGgRcq7IA4tKuhgWhhl3_MsyKRiAL0C3NCQnLM.jpg?fit=crop&amp;crop=faces%2Centropy&amp;arh=2&amp;w=108&amp;s=80a473c7ca5d75b86603d39277f92525", "width": 108, "height": 108}, {"url": "https://i.redditmedia.com/vDp0bGGgRcq7IA4tKuhgWhhl3_MsyKRiAL0C3NCQnLM.jpg?fit=crop&amp;crop=faces%2Centropy&amp;arh=2&amp;w=216&amp;s=8bdc2f0681be8aa2639aa4311b023f24", "width": 216, "height": 216}, {"url": "https://i.redditmedia.com/vDp0bGGgRcq7IA4tKuhgWhhl3_MsyKRiAL0C3NCQnLM.jpg?fit=crop&amp;crop=faces%2Centropy&amp;arh=2&amp;w=320&amp;s=0fb9186954df50efcfbedb1b9efcb5e1", "width": 320, "height": 320}, {"url": "https://i.redditmedia.com/vDp0bGGgRcq7IA4tKuhgWhhl3_MsyKRiAL0C3NCQnLM.jpg?fit=crop&amp;crop=faces%2Centropy&amp;arh=2&amp;w=640&amp;s=3a47485ca1710cd00183be8c8ec9a6de", "width": 640, "height": 640}, {"url": "https://i.redditmedia.com/vDp0bGGgRcq7IA4tKuhgWhhl3_MsyKRiAL0C3NCQnLM.jpg?fit=crop&amp;crop=faces%2Centropy&amp;arh=2&amp;w=960&amp;s=b23e9f75ae1a27cd82a47f973fc81ce1", "width": 960, "height": 960}], "variants": {}, "id": "UJiou7JsrA72nwKhARR4rA0bAqU8nphOzw8PqgdUwt4"}]}, "num_comments": 116, "thumbnail": "http://b.thumbs.redditmedia.com/2QVDcWkRMS7XT2cwiDbZgvqMYMW9mpyeDXlHbjVLg1A.jpg", "subreddit_id": "t5_2qh1o", "hide_score": false, "edited": false, "link_flair_css_class": null, "author_flair_css_class": null, "downs": 0, "secure_media_embed": {}, "saved": false, "removal_reason": null, "post_hint": "link", "stickied": false, "from": null, "is_self": false, "from_id": null, "permalink": "/r/aww/comments/49gklw/my_rescue_cat_bob_he_likes_to_sing_the_song_of/", "locked": false, "name": "t3_49gklw", "created": 1457437699.0, "url": "http://imgur.com/eHuvApy", "author_flair_text": null, "quarantine": false, "title": "My rescue cat, Bob. He likes to sing the song of his people at 5am.", "created_utc": 1457408899.0, "distinguished": null, "mod_reports": [], "visited": false, "num_reports": null, "ups": 3580}}, {"kind": "t3", "data": {"domain": "i.imgur.com", "banned_by": null, "media_embed": {}, "subreddit": "aww", "selftext_html": null, "selftext": "", "likes": null, "suggested_sort": null, "user_reports": [], "secure_media": null, "link_flair_text": null, "id": "49k8pm", "from_kind": null, "gilded": 0, "archived": false, "clicked": false, "report_reasons": null, "author": "loopdeloops", "media": null, "score": 183, "approved_by": null, "over_18": false, "hidden": false, "preview": {"images": [{"source": {"url": "https://i.redditmedia.com/lzqU4CiBhBEj71dGxW7jRKh9z-xQbGCV5gHyibFIPrM.jpg?s=d642968561895777a4ed8872cefee969", "width": 1440, "height": 960}, "resolutions": [{"url": "https://i.redditmedia.com/lzqU4CiBhBEj71dGxW7jRKh9z-xQbGCV5gHyibFIPrM.jpg?fit=crop&amp;crop=faces%2Centropy&amp;arh=2&amp;w=108&amp;s=c6c09720f5c18082172c2a5090b2e5ed", "width": 108, "height": 72}, {"url": "https://i.redditmedia.com/lzqU4CiBhBEj71dGxW7jRKh9z-xQbGCV5gHyibFIPrM.jpg?fit=crop&amp;crop=faces%2Centropy&amp;arh=2&amp;w=216&amp;s=6195beb52a775383158231011639562f", "width": 216, "height": 144}, {"url": "https://i.redditmedia.com/lzqU4CiBhBEj71dGxW7jRKh9z-xQbGCV5gHyibFIPrM.jpg?fit=crop&amp;crop=faces%2Centropy&amp;arh=2&amp;w=320&amp;s=966b7e86be79380275815bae1f4e2922", "width": 320, "height": 213}, {"url": "https://i.redditmedia.com/lzqU4CiBhBEj71dGxW7jRKh9z-xQbGCV5gHyibFIPrM.jpg?fit=crop&amp;crop=faces%2Centropy&amp;arh=2&amp;w=640&amp;s=db93c9a77e6b326a130c39ea4ae50775", "width": 640, "height": 426}, {"url": "https://i.redditmedia.com/lzqU4CiBhBEj71dGxW7jRKh9z-xQbGCV5gHyibFIPrM.jpg?fit=crop&amp;crop=faces%2Centropy&amp;arh=2&amp;w=960&amp;s=2bd4c26153c656e9b5cd295d15211b9c", "width": 960, "height": 640}, {"url": "https://i.redditmedia.com/lzqU4CiBhBEj71dGxW7jRKh9z-xQbGCV5gHyibFIPrM.jpg?fit=crop&amp;crop=faces%2Centropy&amp;arh=2&amp;w=1080&amp;s=91a71780cfe2574ff1417ef1c5f473fb", "width": 1080, "height": 720}], "variants": {}, "id": "P4yutGgkWCjfkf1FAfpyORLiCk5ffdpcuvDZfT76HWw"}]}, "num_comments": 1, "thumbnail": "http://b.thumbs.redditmedia.com/ELSA3zpY0YtwuGscfMKKueoE8ySVsg9bIdkxcEb84CI.jpg", "subreddit_id": "t5_2qh1o", "hide_score": false, "edited": false, "link_flair_css_class": null, "author_flair_css_class": null, "downs": 0, "secure_media_embed": {}, "saved": false, "removal_reason": null, "post_hint": "image", "stickied": false, "from": null, "is_self": false, "from_id": null, "permalink": "/r/aww/comments/49k8pm/growing_old_together/", "locked": false, "name": "t3_49k8pm", "created": 1457495808.0, "url": "images/img5.png", "author_flair_text": null, "quarantine": false, "title": "Growing old together.", "created_utc": 1457467008.0, "distinguished": null, "mod_reports": [], "visited": false, "num_reports": null, "ups": 183}}, {"kind": "t3", "data": {"domain": "i.imgur.com", "banned_by": null, "media_embed": {}, "subreddit": "aww", "selftext_html": null, "selftext": "", "likes": null, "suggested_sort": null, "user_reports": [], "secure_media": null, "link_flair_text": null, "id": "49ilql", "from_kind": null, "gilded": 0, "archived": false, "clicked": false, "report_reasons": null, "author": "crazyanne", "media": null, "score": 526, "approved_by": null, "over_18": false, "hidden": false, "preview": {"images": [{"source": {"url": "https://i.redditmedia.com/XDoGaOCn5DoEaj_-jEdVC8vGRpi1jlFsKyTDlZg1rsk.jpg?s=4585d76943bd6aab6d6b56fd9c360a81", "width": 3024, "height": 4032}, "resolutions": [{"url": "https://i.redditmedia.com/XDoGaOCn5DoEaj_-jEdVC8vGRpi1jlFsKyTDlZg1rsk.jpg?fit=crop&amp;crop=faces%2Centropy&amp;arh=2&amp;w=108&amp;s=5dae23f3994703eaefcc5e540d656b3a", "width": 108, "height": 144}, {"url": "https://i.redditmedia.com/XDoGaOCn5DoEaj_-jEdVC8vGRpi1jlFsKyTDlZg1rsk.jpg?fit=crop&amp;crop=faces%2Centropy&amp;arh=2&amp;w=216&amp;s=63800e8a5f738cf8f6b540c868547710", "width": 216, "height": 288}, {"url": "https://i.redditmedia.com/XDoGaOCn5DoEaj_-jEdVC8vGRpi1jlFsKyTDlZg1rsk.jpg?fit=crop&amp;crop=faces%2Centropy&amp;arh=2&amp;w=320&amp;s=56500fae87b8629c661b0d78b4d66753", "width": 320, "height": 426}, {"url": "https://i.redditmedia.com/XDoGaOCn5DoEaj_-jEdVC8vGRpi1jlFsKyTDlZg1rsk.jpg?fit=crop&amp;crop=faces%2Centropy&amp;arh=2&amp;w=640&amp;s=939f162f6ae94ac8f23a28748e7bea16", "width": 640, "height": 853}, {"url": "https://i.redditmedia.com/XDoGaOCn5DoEaj_-jEdVC8vGRpi1jlFsKyTDlZg1rsk.jpg?fit=crop&amp;crop=faces%2Centropy&amp;arh=2&amp;w=960&amp;s=71482e56fbd36a56331b688813197ca5", "width": 960, "height": 1280}, {"url": "https://i.redditmedia.com/XDoGaOCn5DoEaj_-jEdVC8vGRpi1jlFsKyTDlZg1rsk.jpg?fit=crop&amp;crop=faces%2Centropy&amp;arh=2&amp;w=1080&amp;s=9e714d406d5d36c74fe6b9950a14d2f8", "width": 1080, "height": 1440}], "variants": {}, "id": "CXjiQhtnIi8Wb7XSCKrTLhAydfmy2k05ddPiPY_uZDk"}]}, "num_comments": 16, "thumbnail": "http://b.thumbs.redditmedia.com/g7nYVVh5oJbIVURRtMFfHvJk2GEzUnbzpaXHTZET4nE.jpg", "subreddit_id": "t5_2qh1o", "hide_score": false, "edited": false, "link_flair_css_class": null, "author_flair_css_class": null, "downs": 0, "secure_media_embed": {}, "saved": false, "removal_reason": null, "post_hint": "image", "stickied": false, "from": null, "is_self": false, "from_id": null, "permalink": "/r/aww/comments/49ilql/just_welcomed_a_new_foster_puppy_eddie/", "locked": false, "name": "t3_49ilql", "created": 1457474479.0, "url": "images/img6.png", "author_flair_text": null, "quarantine": false, "title": "just welcomed a new foster puppy, Eddie!", "created_utc": 1457445679.0, "distinguished": null, "mod_reports": [], "visited": false, "num_reports": null, "ups": 526}}, {"kind": "t3", "data": {"domain": "i.imgur.com", "banned_by": null, "media_embed": {"content": "&lt;iframe class=\"embedly-embed\" src=\"//cdn.embedly.com/widgets/media.html?src=https%3A%2F%2Fi.imgur.com%2FkU5Jijg.mp4&amp;src_secure=1&amp;url=http%3A%2F%2Fi.imgur.com%2FkU5Jijg.gifv&amp;image=https%3A%2F%2Fi.imgur.com%2FkU5Jijgh.jpg&amp;key=2aa3c4d5f3de4f5b9120b660ad850dc9&amp;type=video%2Fmp4&amp;schema=imgur\" width=\"600\" height=\"600\" scrolling=\"no\" frameborder=\"0\" allowfullscreen&gt;&lt;/iframe&gt;", "width": 600, "scrolling": false, "height": 600}, "subreddit": "aww", "selftext_html": null, "selftext": "", "likes": null, "suggested_sort": null, "user_reports": [], "secure_media": {"oembed": {"provider_url": "http://i.imgur.com", "description": "https://www.instagram.com/p/BCZ6PCGHxdr /", "title": "He's not really a fan of getting up in the morning.", "type": "video", "thumbnail_width": 640, "height": 600, "width": 600, "html": "&lt;iframe class=\"embedly-embed\" src=\"https://cdn.embedly.com/widgets/media.html?src=https%3A%2F%2Fi.imgur.com%2FkU5Jijg.mp4&amp;src_secure=1&amp;url=http%3A%2F%2Fi.imgur.com%2FkU5Jijg.gifv&amp;image=https%3A%2F%2Fi.imgur.com%2FkU5Jijgh.jpg&amp;key=2aa3c4d5f3de4f5b9120b660ad850dc9&amp;type=video%2Fmp4&amp;schema=imgur\" width=\"600\" height=\"600\" scrolling=\"no\" frameborder=\"0\" allowfullscreen&gt;&lt;/iframe&gt;", "version": "1.0", "provider_name": "Imgur", "thumbnail_url": "https://i.embed.ly/1/image?url=https%3A%2F%2Fi.imgur.com%2FkU5Jijgh.jpg&amp;key=b1e305db91cf4aa5a86b732cc9fffceb", "thumbnail_height": 640}, "type": "i.imgur.com"}, "link_flair_text": null, "id": "49g1un", "from_kind": null, "gilded": 0, "archived": false, "clicked": false, "report_reasons": null, "author": "loopdeloops", "media": {"oembed": {"provider_url": "http://i.imgur.com", "description": "https://www.instagram.com/p/BCZ6PCGHxdr /", "title": "He's not really a fan of getting up in the morning.", "type": "video", "thumbnail_width": 640, "height": 600, "width": 600, "html": "&lt;iframe class=\"embedly-embed\" src=\"//cdn.embedly.com/widgets/media.html?src=https%3A%2F%2Fi.imgur.com%2FkU5Jijg.mp4&amp;src_secure=1&amp;url=http%3A%2F%2Fi.imgur.com%2FkU5Jijg.gifv&amp;image=https%3A%2F%2Fi.imgur.com%2FkU5Jijgh.jpg&amp;key=2aa3c4d5f3de4f5b9120b660ad850dc9&amp;type=video%2Fmp4&amp;schema=imgur\" width=\"600\" height=\"600\" scrolling=\"no\" frameborder=\"0\" allowfullscreen&gt;&lt;/iframe&gt;", "version": "1.0", "provider_name": "Imgur", "thumbnail_url": "https://i.imgur.com/kU5Jijgh.jpg", "thumbnail_height": 640}, "type": "i.imgur.com"}, "score": 4428, "approved_by": null, "over_18": false, "hidden": false, "preview": {"images": [{"source": {"url": "https://i.redditmedia.com/jd0bHEWvnDLwCNR4UD_Xt1K5-VdZoQlC5ezevWF6EuY.jpg?s=1d21cce3801f26a58ecd52a4a27f0d88", "width": 640, "height": 640}, "resolutions": [{"url": "https://i.redditmedia.com/jd0bHEWvnDLwCNR4UD_Xt1K5-VdZoQlC5ezevWF6EuY.jpg?fit=crop&amp;crop=faces%2Centropy&amp;arh=2&amp;w=108&amp;s=89146e0a82545902649f4370f820fde3", "width": 108, "height": 108}, {"url": "https://i.redditmedia.com/jd0bHEWvnDLwCNR4UD_Xt1K5-VdZoQlC5ezevWF6EuY.jpg?fit=crop&amp;crop=faces%2Centropy&amp;arh=2&amp;w=216&amp;s=bd04400627e4e54c20d63b664b49b48a", "width": 216, "height": 216}, {"url": "https://i.redditmedia.com/jd0bHEWvnDLwCNR4UD_Xt1K5-VdZoQlC5ezevWF6EuY.jpg?fit=crop&amp;crop=faces%2Centropy&amp;arh=2&amp;w=320&amp;s=43d3f89829b44985d882e126a2ae5b66", "width": 320, "height": 320}, {"url": "https://i.redditmedia.com/jd0bHEWvnDLwCNR4UD_Xt1K5-VdZoQlC5ezevWF6EuY.jpg?fit=crop&amp;crop=faces%2Centropy&amp;arh=2&amp;w=640&amp;s=1f4dc4b8a1df17ce1d9ccbf9e7c1f2c4", "width": 640, "height": 640}], "variants": {}, "id": "nazuWCgkq77weCpBh0fVeI5Xq-BqaiIDzmyu4S032LI"}]}, "num_comments": 74, "thumbnail": "http://a.thumbs.redditmedia.com/mBZ67pLmSeT89BVUUtCGkxjI_HWjGoZZQGQ--IEPSx0.jpg", "subreddit_id": "t5_2qh1o", "hide_score": false, "edited": false, "link_flair_css_class": null, "author_flair_css_class": null, "downs": 0, "secure_media_embed": {"content": "&lt;iframe class=\"embedly-embed\" src=\"https://cdn.embedly.com/widgets/media.html?src=https%3A%2F%2Fi.imgur.com%2FkU5Jijg.mp4&amp;src_secure=1&amp;url=http%3A%2F%2Fi.imgur.com%2FkU5Jijg.gifv&amp;image=https%3A%2F%2Fi.imgur.com%2FkU5Jijgh.jpg&amp;key=2aa3c4d5f3de4f5b9120b660ad850dc9&amp;type=video%2Fmp4&amp;schema=imgur\" width=\"600\" height=\"600\" scrolling=\"no\" frameborder=\"0\" allowfullscreen&gt;&lt;/iframe&gt;", "width": 600, "scrolling": false, "height": 600}, "saved": false, "removal_reason": null, "post_hint": "rich:video", "stickied": false, "from": null, "is_self": false, "from_id": null, "permalink": "/r/aww/comments/49g1un/hes_not_really_a_fan_of_getting_up_in_the_morning/", "locked": false, "name": "t3_49g1un", "created": 1457430293.0, "url": "http://i.imgur.com/kU5Jijg.gifv", "author_flair_text": null, "quarantine": false, "title": "He's not really a fan of getting up in the morning.", "created_utc": 1457401493.0, "distinguished": null, "mod_reports": [], "visited": false, "num_reports": null, "ups": 4428}}, {"kind": "t3", "data": {"domain": "i.imgur.com", "banned_by": null, "media_embed": {"content": "&lt;iframe class=\"embedly-embed\" src=\"//cdn.embedly.com/widgets/media.html?src=https%3A%2F%2Fi.imgur.com%2FHIxAVRZ.mp4&amp;src_secure=1&amp;url=http%3A%2F%2Fi.imgur.com%2FHIxAVRZ.gifv&amp;image=https%3A%2F%2Fi.imgur.com%2FHIxAVRZh.jpg&amp;key=2aa3c4d5f3de4f5b9120b660ad850dc9&amp;type=video%2Fmp4&amp;schema=imgur\" width=\"600\" height=\"600\" scrolling=\"no\" frameborder=\"0\" allowfullscreen&gt;&lt;/iframe&gt;", "width": 600, "scrolling": false, "height": 600}, "subreddit": "aww", "selftext_html": null, "selftext": "", "likes": null, "suggested_sort": null, "user_reports": [], "secure_media": {"oembed": {"provider_url": "http://i.imgur.com", "description": "Imgur: The most awesome images on the Internet.", "title": "Sleepy puppy", "type": "video", "thumbnail_width": 640, "height": 600, "width": 600, "html": "&lt;iframe class=\"embedly-embed\" src=\"https://cdn.embedly.com/widgets/media.html?src=https%3A%2F%2Fi.imgur.com%2FHIxAVRZ.mp4&amp;src_secure=1&amp;url=http%3A%2F%2Fi.imgur.com%2FHIxAVRZ.gifv&amp;image=https%3A%2F%2Fi.imgur.com%2FHIxAVRZh.jpg&amp;key=2aa3c4d5f3de4f5b9120b660ad850dc9&amp;type=video%2Fmp4&amp;schema=imgur\" width=\"600\" height=\"600\" scrolling=\"no\" frameborder=\"0\" allowfullscreen&gt;&lt;/iframe&gt;", "version": "1.0", "provider_name": "Imgur", "thumbnail_url": "https://i.embed.ly/1/image?url=https%3A%2F%2Fi.imgur.com%2FHIxAVRZh.jpg&amp;key=b1e305db91cf4aa5a86b732cc9fffceb", "thumbnail_height": 640}, "type": "i.imgur.com"}, "link_flair_text": null, "id": "49kher", "from_kind": null, "gilded": 0, "archived": false, "clicked": false, "report_reasons": null, "author": "mattythedog", "media": {"oembed": {"provider_url": "http://i.imgur.com", "description": "Imgur: The most awesome images on the Internet.", "title": "Sleepy puppy", "type": "video", "thumbnail_width": 640, "height": 600, "width": 600, "html": "&lt;iframe class=\"embedly-embed\" src=\"//cdn.embedly.com/widgets/media.html?src=https%3A%2F%2Fi.imgur.com%2FHIxAVRZ.mp4&amp;src_secure=1&amp;url=http%3A%2F%2Fi.imgur.com%2FHIxAVRZ.gifv&amp;image=https%3A%2F%2Fi.imgur.com%2FHIxAVRZh.jpg&amp;key=2aa3c4d5f3de4f5b9120b660ad850dc9&amp;type=video%2Fmp4&amp;schema=imgur\" width=\"600\" height=\"600\" scrolling=\"no\" frameborder=\"0\" allowfullscreen&gt;&lt;/iframe&gt;", "version": "1.0", "provider_name": "Imgur", "thumbnail_url": "https://i.imgur.com/HIxAVRZh.jpg", "thumbnail_height": 640}, "type": "i.imgur.com"}, "score": 129, "approved_by": null, "over_18": false, "hidden": false, "preview": {"images": [{"source": {"url": "https://i.redditmedia.com/HGOGkEhdFYi7LpJaEzebmc3HxVhTZ6wmCaDyABEShp4.jpg?s=260248081619fee092ee6645ddd8a1dd", "width": 640, "height": 640}, "resolutions": [{"url": "https://i.redditmedia.com/HGOGkEhdFYi7LpJaEzebmc3HxVhTZ6wmCaDyABEShp4.jpg?fit=crop&amp;crop=faces%2Centropy&amp;arh=2&amp;w=108&amp;s=9f5b23e7b77b793aadaa73767d78d0cb", "width": 108, "height": 108}, {"url": "https://i.redditmedia.com/HGOGkEhdFYi7LpJaEzebmc3HxVhTZ6wmCaDyABEShp4.jpg?fit=crop&amp;crop=faces%2Centropy&amp;arh=2&amp;w=216&amp;s=fadbaf88aefa69e6794c3a93eab39896", "width": 216, "height": 216}, {"url": "https://i.redditmedia.com/HGOGkEhdFYi7LpJaEzebmc3HxVhTZ6wmCaDyABEShp4.jpg?fit=crop&amp;crop=faces%2Centropy&amp;arh=2&amp;w=320&amp;s=1c2531189829ccc6de8f942ee7deefb8", "width": 320, "height": 320}, {"url": "https://i.redditmedia.com/HGOGkEhdFYi7LpJaEzebmc3HxVhTZ6wmCaDyABEShp4.jpg?fit=crop&amp;crop=faces%2Centropy&amp;arh=2&amp;w=640&amp;s=e49f05979907561157c60e77c7e5ce9d", "width": 640, "height": 640}], "variants": {}, "id": "ePQRXE-_Omy_yc1rJIdC_qW8Oc4s7M0fKGgMnQS6wd8"}]}, "num_comments": 7, "thumbnail": "http://a.thumbs.redditmedia.com/HuSP_PBJrIyW48KQ7iwqpmzc8Kd7Jro3flO3KGWyhr0.jpg", "subreddit_id": "t5_2qh1o", "hide_score": false, "edited": false, "link_flair_css_class": null, "author_flair_css_class": null, "downs": 0, "secure_media_embed": {"content": "&lt;iframe class=\"embedly-embed\" src=\"https://cdn.embedly.com/widgets/media.html?src=https%3A%2F%2Fi.imgur.com%2FHIxAVRZ.mp4&amp;src_secure=1&amp;url=http%3A%2F%2Fi.imgur.com%2FHIxAVRZ.gifv&amp;image=https%3A%2F%2Fi.imgur.com%2FHIxAVRZh.jpg&amp;key=2aa3c4d5f3de4f5b9120b660ad850dc9&amp;type=video%2Fmp4&amp;schema=imgur\" width=\"600\" height=\"600\" scrolling=\"no\" frameborder=\"0\" allowfullscreen&gt;&lt;/iframe&gt;", "width": 600, "scrolling": false, "height": 600}, "saved": false, "removal_reason": null, "post_hint": "rich:video", "stickied": false, "from": null, "is_self": false, "from_id": null, "permalink": "/r/aww/comments/49kher/sleepy_puppy/", "locked": false, "name": "t3_49kher", "created": 1457498762.0, "url": "http://i.imgur.com/HIxAVRZ.gifv", "author_flair_text": null, "quarantine": false, "title": "Sleepy puppy", "created_utc": 1457469962.0, "distinguished": null, "mod_reports": [], "visited": false, "num_reports": null, "ups": 129}}, {"kind": "t3", "data": {"domain": "i.imgur.com", "banned_by": null, "media_embed": {}, "subreddit": "aww", "selftext_html": null, "selftext": "", "likes": null, "suggested_sort": null, "user_reports": [], "secure_media": null, "link_flair_text": null, "id": "49hdtt", "from_kind": null, "gilded": 0, "archived": false, "clicked": false, "report_reasons": null, "author": "Quentin56543", "media": null, "score": 1445, "approved_by": null, "over_18": false, "hidden": false, "preview": {"images": [{"source": {"url": "https://i.redditmedia.com/DRAvyMzJaWzaQNsuq7NUZEAr9xBwuHkYNS2uHgPJOYI.jpg?s=e7c4d8e37c5d4f9a54c72367f93fb5f7", "width": 400, "height": 533}, "resolutions": [{"url": "https://i.redditmedia.com/DRAvyMzJaWzaQNsuq7NUZEAr9xBwuHkYNS2uHgPJOYI.jpg?fit=crop&amp;crop=faces%2Centropy&amp;arh=2&amp;w=108&amp;s=7151c7f4d02621b6173f637c469e6bb6", "width": 108, "height": 143}, {"url": "https://i.redditmedia.com/DRAvyMzJaWzaQNsuq7NUZEAr9xBwuHkYNS2uHgPJOYI.jpg?fit=crop&amp;crop=faces%2Centropy&amp;arh=2&amp;w=216&amp;s=f78f1222b64378ebcc4f3162f8987bd6", "width": 216, "height": 287}, {"url": "https://i.redditmedia.com/DRAvyMzJaWzaQNsuq7NUZEAr9xBwuHkYNS2uHgPJOYI.jpg?fit=crop&amp;crop=faces%2Centropy&amp;arh=2&amp;w=320&amp;s=8c101f905b9cf2f38b4a804cc3681305", "width": 320, "height": 426}], "variants": {}, "id": "N1lVK9v_kKIRpuUxPVJWVkBhpeIAt4gc3M2AbRQ8i3Y"}]}, "num_comments": 27, "thumbnail": "http://b.thumbs.redditmedia.com/eDoohRt31AhQAzaXjP3OB56mvAE7khdz-x7wFFEWSCk.jpg", "subreddit_id": "t5_2qh1o", "hide_score": false, "edited": false, "link_flair_css_class": null, "author_flair_css_class": null, "downs": 0, "secure_media_embed": {}, "saved": false, "removal_reason": null, "post_hint": "image", "stickied": false, "from": null, "is_self": false, "from_id": null, "permalink": "/r/aww/comments/49hdtt/raindoge/", "locked": false, "name": "t3_49hdtt", "created": 1457450226.0, "url": "images/img7.png", "author_flair_text": null, "quarantine": false, "title": "Raindoge", "created_utc": 1457421426.0, "distinguished": null, "mod_reports": [], "visited": false, "num_reports": null, "ups": 1445}}, {"kind": "t3", "data": {"domain": "i.imgur.com", "banned_by": null, "media_embed": {}, "subreddit": "aww", "selftext_html": null, "selftext": "", "likes": null, "suggested_sort": null, "user_reports": [], "secure_media": null, "link_flair_text": null, "id": "49jd15", "from_kind": null, "gilded": 0, "archived": false, "clicked": false, "report_reasons": null, "author": "aditya_jee", "media": null, "score": 226, "approved_by": null, "over_18": false, "hidden": false, "preview": {"images": [{"source": {"url": "https://i.redditmedia.com/tFQlU-kW0b70JvT_QUN46-7xZULUrvOPySa6w-N6iXg.jpg?s=a084d4ea9577e860f07ceb806783bd39", "width": 500, "height": 332}, "resolutions": [{"url": "https://i.redditmedia.com/tFQlU-kW0b70JvT_QUN46-7xZULUrvOPySa6w-N6iXg.jpg?fit=crop&amp;crop=faces%2Centropy&amp;arh=2&amp;w=108&amp;s=ec77b0dc62b3bb7e2d7ebe270f675db0", "width": 108, "height": 71}, {"url": "https://i.redditmedia.com/tFQlU-kW0b70JvT_QUN46-7xZULUrvOPySa6w-N6iXg.jpg?fit=crop&amp;crop=faces%2Centropy&amp;arh=2&amp;w=216&amp;s=5270e02d621b5301e18b54ed41da3701", "width": 216, "height": 143}, {"url": "https://i.redditmedia.com/tFQlU-kW0b70JvT_QUN46-7xZULUrvOPySa6w-N6iXg.jpg?fit=crop&amp;crop=faces%2Centropy&amp;arh=2&amp;w=320&amp;s=d4a7228a916d70f0effd2f98a35c405b", "width": 320, "height": 212}], "variants": {}, "id": "NONXf-YhgaYPeoeYLHdkBSnXsANC4UBJ3jJNn4MMRRQ"}]}, "num_comments": 5, "thumbnail": "http://b.thumbs.redditmedia.com/Q_cOg9vzSTjn9yV5iOyLteHohKino8UIN39sHF1qXkA.jpg", "subreddit_id": "t5_2qh1o", "hide_score": false, "edited": false, "link_flair_css_class": null, "author_flair_css_class": null, "downs": 0, "secure_media_embed": {}, "saved": false, "removal_reason": null, "post_hint": "image", "stickied": false, "from": null, "is_self": false, "from_id": null, "permalink": "/r/aww/comments/49jd15/cute_dog/", "locked": false, "name": "t3_49jd15", "created": 1457484891.0, "url": "images/img8.jpg", "author_flair_text": null, "quarantine": false, "title": "Cute dog", "created_utc": 1457456091.0, "distinguished": null, "mod_reports": [], "visited": false, "num_reports": null, "ups": 226}}], "after": "t3_49jd15", "before": null}}